CODIGO,ATIVIDADE,ANEXO,FATOR_R,ALIQUOTA,Contabilizei;
3250706,Serviços de prótese dentária,V,1,15.5,Atende;
3250706,Serviços de prótese dentária,III,1,6,Atende;
3250709,Serviço de laboratório óptico,V,1,15.5,Atende;
3250709,Serviço de laboratório óptico,III,1,6,Atende;
4399101,Administração de obras,III,0,6,Atende;
4512901,Representantes comerciais e agentes do comércio de veículos automotores,V,1,15.5,Atende;
4530702,Comércio por atacado de pneumáticos e câmaras-de-ar,I,0,4,Atende;
4530703,Comércio a varejo de peças e acessórios novos para veículos automotores,I,0,4,Atende;
4530704,Comércio a varejo de peças e acessórios usados para veículos automotores,I,0,4,Atende;
4530705,Comércio a varejo de pneumáticos e câmaras-de-ar,I,0,4,Atende;
4530706,Representantes comerciais e agentes do comércio de peças e acessórios novos e usados para veículos automotores,V,1,15.5,Atende;
4541202,Comércio por atacado de peças e acessórios para motocicletas e motonetas,I,0,4,Atende;
4541206,Comércio a varejo de peças e acessórios novos para motocicletas e motonetas,I,0,4,Atende;
4541207,Comércio a varejo de peças e acessórios usados para motocicletas e motonetas,I,0,4,Atende;
4542101,Representantes comerciais e agentes do comércio de motocicletas e motonetas, peças e acessórios,V,1,15.5,Atende;
4611700,Representantes comerciais e agentes do comércio de matérias-primas agrícolas e animais vivos,V,1,15.5,Atende;
4612500,Representantes comerciais e agentes do comércio de combustíveis, minerais, produtos siderúrgicos e químicos,V,1,15.5,Atende;
4613300,Representantes comerciais e agentes do comércio de madeira, material de construção e ferragens,V,1,15.5,Atende;
4614100,Representantes comerciais e agentes do comércio de máquinas, equipamentos, embarcações e aeronaves,V,1,15.5,Atende;
4615000,Representantes comerciais e agentes do comércio de eletrodomésticos, móveis e artigos de uso doméstico,V,1,15.5,Atende;
4616800,Representantes comerciais e agentes do comércio de têxteis, vestuário, calçados e artigos de viagem,V,1,15.5,Atende;
4617600,Representantes comerciais e agentes do comércio de produtos alimentícios, bebidas e fumo,V,1,15.5,Atende;
4618401,Representantes comerciais e agentes do comércio de medicamentos, cosméticos e produtos de perfumaria,V,1,15.5,Atende;
4618402,Representantes comerciais e agentes do comércio de instrumentos e materiais odonto-médico-hospitalares,V,1,15.5,Atende;
4618403,Representantes comerciais e agentes do comércio de jornais, revistas e outras publicações,V,1,15.5,Atende;
4618499,Outros representantes comerciais e agentes do comércio especializado em produtos não especificados anteriormente,V,1,15.5,Atende;
4619200,Representantes comerciais e agentes do comércio de mercadorias em geral não especializado,V,1,15.5,Atende;
4635401,Comércio atacadista de água mineral,I,0,4,Atende;
4635402,Comércio atacadista de cerveja, chope e refrigerante,I,0,4,Atende;
4637104,Comércio atacadista de pães, bolos, biscoitos e similares,I,0,4,Atende;
4637105,Comércio atacadista de massas alimentícias,I,0,4,Atende;
4637106,Comércio atacadista de sorvetes,I,0,4,Atende;
4637107,Comércio atacadista de chocolates, confeitos, balas, bombons e semelhantes,I,0,4,Atende;
4637199,Comércio atacadista especializado em outros produtos alimentícios não especificados anteriormente,I,0,4,Atende;
4639701,Comércio atacadista de produtos alimentícios em geral,I,0,4,Atende;
4641901,Comércio atacadista de tecidos,I,0,4,Atende;
4641902,Comércio atacadista de artigos de cama, mesa e banho,I,0,4,Atende;
4641903,Comércio atacadista de artigos de armarinho,I,0,4,Atende;
4642701,Comércio atacadista de artigos do vestuário e acessórios, exceto profissionais e de segurança,I,0,4,Atende;
4642702,Comércio atacadista de roupas e acessórios para uso profissional e de segurança do trabalho,I,0,4,Atende;
4643501,Comércio atacadista de calçados,I,0,4,Atende;
4643502,Comércio atacadista de bolsas, malas e artigos de viagem,I,0,4,Atende;
4646001,Comércio atacadista de cosméticos e produtos de perfumaria,I,0,4,Atende;
4646002,Comércio atacadista de produtos de higiene pessoal,I,0,4,Atende;
4647801,Comércio atacadista de artigos de escritório e de papelaria,I,0,4,Atende;
4647802,Comércio atacadista de livros, jornais e outras publicações,I,0,4,Atende;
4649401,Comércio atacadista de equipamentos elétricos de uso pessoal e doméstico,I,0,4,Atende;
4649402,Comércio atacadista de aparelhos eletrônicos de uso pessoal e doméstico,I,0,4,Atende;
4649403,Comércio atacadista de bicicletas, triciclos e outros veículos recreativos,I,0,4,0 atende;
4649404,Comércio atacadista de móveis e artigos de colchoaria,I,0,4,Atende;
4649405,Comércio atacadista de artigos de tapeçaria persianas e cortinas,I,0,4,Atende;
4649406,Comércio atacadista de lustres, luminárias e abajures,I,0,4,Atende;
4649407,Comércio atacadista de filmes, CDs, DVDs, fitas e discos,I,0,4,Atende;
4649408,Comércio atacadista de produtos de higiene, limpeza e conservação domiciliar,I,0,4,Atende;
4649409,Comércio atacadista de produtos de higiene, limpeza e conservação domiciliar, com atividade de fracionamento e acondicionamento associada,I,0,4,Atende;
4649410,Comércio atacadista de jóias, relógios e bijuterias, inclusive pedras preciosas e semipreciosas lapidadas,I,0,4,Atende;
4649499,Comércio atacadista de outros equipamentos e artigos de uso pessoal e doméstico não especificados anteriormente,I,0,4,Atende;
4651601,Comércio atacadista de equipamentos de informática,I,0,4,Atende;
4651602,Comércio atacadista de suprimentos para informática,I,0,4,Atende;
4652400,Comércio atacadista de componentes eletrônicos e equipamentos de telefonia e comunicação,I,0,4,Atende;
4679603,Comércio atacadista de vidros, espelhos e vitrais,I,0,4,Atende;
4686902,Comércio atacadista de embalagens,I,0,4,Atende;
4691500,Comércio atacadista de mercadorias em geral, com predominância de produtos alimentícios,I,0,4,Atende;
4693100,Comércio atacadista de mercadorias em geral, sem predominância de alimentos ou de insumos agropecuários,I,0,4,Atende;
4711301,Comércio varejista de mercadorias em geral, com predominância de produtos alimentícios – hipermercados,I,0,4,Atende;
4711302,Comércio varejista de mercadorias em geral, com predominância de produtos alimentícios – supermercados,I,0,4,Atende;
4712100,Comércio varejista de mercadorias em geral, com predominância de produtos alimentícios – minimercados, mercearias e armazéns,I,0,4,Atende;
4713002,Lojas de variedades, exceto lojas de departamentos ou magazines,I,0,4,Atende;
4713004,Lojas de departamentos ou magazines, exceto lojas francas (duty free),I,0,4,Atende;
4721102,Padaria e confeitaria com predominância de revenda,I,0,4,Atende;
4721103,Comércio varejista de laticínios e frios,I,0,4,Atende;
4721104,Comércio varejista de doces, balas, bombons e semelhantes,I,0,4,Atende;
4723700,Comércio varejista de bebidas,I,0,4,Atende;
4724500,Comércio varejista de hortifrutigranjeiros,I,0,4,Atende;
4729601,Tabacaria,I,0,4,Atende;
4729699,Comércio varejista de produtos alimentícios em geral ou especializado em produtos alimentícios não especificados anteriormente,I,0,4,Atende;
4743100,Comércio varejista de vidros,I,0,4,Atende;
4744002,Comércio varejista de madeira e artefatos,I,0,4,Atende;
4751201,Comércio varejista especializado de equipamentos e suprimentos de informática,I,0,4,Atende;
4751202,Recarga de cartuchos para equipamentos de informática,III,0,6,Atende;
4752100,Comércio varejista especializado de equipamentos de telefonia e comunicação,I,0,4,Atende;
4753900,Comércio varejista especializado de eletrodomésticos e equipamentos de áudio e vídeo,I,0,4,Atende;
4754701,Comércio varejista de móveis,I,0,4,Atende;
4754702,Comércio varejista de artigos de colchoaria,I,0,4,Atende;
4754703,Comércio varejista de artigos de iluminação,I,0,4,Atende;
4755501,Comércio varejista de tecidos,I,0,4,Atende;
4755502,Comércio varejista de artigos de armarinho,I,0,4,Atende;
4755503,Comércio varejista de artigos de cama, mesa e banho,I,0,4,Atende;
4756300,Comércio varejista especializado de instrumentos musicais e acessórios,I,0,4,Atende;
4757100,Comércio varejista especializado de peças e acessórios para aparelhos eletroeletrônicos para uso doméstico, exceto informática e comunicação,I,0,4,Atende;
4759801,Comércio varejista de artigos de tapeçaria, cortinas e persianas,I,0,4,Atende;
4759899,Comércio varejista de outros artigos de uso doméstico não especificados anteriormente,I,0,4,Atende;
4761001,Comércio varejista de livros,I,0,4,Atende;
4761002,Comércio varejista de jornais e revistas,I,0,4,Atende;
4761003,Comércio varejista de artigos de papelaria,I,0,4,Atende;
4762800,Comércio varejista de discos, CDs, DVDs e fitas,I,0,4,Atende;
4763601,Comércio varejista de brinquedos e artigos recreativos,I,0,4,Atende;
4763602,Comércio varejista de artigos esportivos,I,0,4,Atende;
4763603,Comércio varejista de bicicletas e triciclos peças e acessórios,I,0,4,Atende;
4763604,Comércio varejista de artigos de caça, pesca e camping,I,0,4,Atende;
4772500,Comércio varejista de cosméticos, produtos de perfumaria e de higiene pessoal,I,0,4,Atende;
4774100,Comércio varejista de artigos de óptica,I,0,4,Atende;
4781400,Comércio varejista de artigos do vestuário e acessórios,I,0,4,Atende;
4782201,Comércio varejista de calçados,I,0,4,Atende;
4782202,Comércio varejista de artigos de viagem,I,0,4,Atende;
4783102,Comércio varejista de artigos de relojoaria,I,0,4,Atende;
4785701,Comércio varejista de antigüidades,I,0,4,Atende;
4785799,Comércio varejista de outros artigos usados,I,0,4,Atende;
4789001,Comércio varejista de suvenires, bijuterias e artesanatos,I,0,4,Atende;
4789002,Comércio varejista de plantas e flores naturais,I,0,4,Atende;
4789003,Comércio varejista de objetos de arte,I,0,4,Atende;
4789007,Comércio varejista de equipamentos para escritório,I,0,4,Atende;
4789008,Comércio varejista de artigos fotográficos e para filmagem,I,0,4,Atende;
4789099,Comércio varejista de outros produtos não especificados anteriormente,I,0,4,Atende;
5611201,Restaurantes e similares,I,0,4,Atende;
5611203,Lanchonetes, casas de chá, de sucos e similares,I,0,4,Atende;
5611204,Bares e outros estabelecimentos especializados em servir bebidas, sem entretenimento,I,0,4,Atende;
5620101,Fornecimento de alimentos preparados preponderantemente para empresas,I,0,4,Atende;
5620103,Cantinas – serviços de alimentação privativos,I,0,4,Atende;
5620104,Fornecimento de alimentos preparados preponderantemente para consumo domiciliar,I,0,4,Atende;
5911101,Estúdios cinematográficos,III,0,6,Atende;
5911102,Produção de filmes para publicidade,III,0,6,Atende;
5911199,Atividades de produção cinematográfica, de vídeos e de programas de televisão não especificadas anteriormente,III,0,6,Atende;
5912001,Serviços de dublagem,III,0,6,Atende;
5912002,Serviços de mixagem sonora em produção audiovisual,III,0,6,Atende;
5912099,Atividades de pós-produção cinematográfica, de vídeos e de programas de televisão não especificadas anteriormente,III,0,6,Atende;
5913800,Distribuição cinematográfica, de vídeo e de programas de televisão,III,0,6,Atende;
5914600,Atividades de exibição cinematográfica,III,0,6,Atende;
5920100,Atividades de gravação de som e de edição de música,III,0,6,Atende;
6201501,Desenvolvimento de programas de computador sob encomenda,V,1,15.5,Atende;
6201501,Desenvolvimento de programas de computador sob encomenda,III,1,6,Atende;
6201502,Web design,V,1,15.5,Atende;
6201502,Web design,III,1,6,Atende;
6202300,Desenvolvimento e licenciamento de programas de computador customizáveis,V,1,15.5,Atende;
6202300,Desenvolvimento e licenciamento de programas de computador customizáveis,III,1,6,Atende;
6203100,Desenvolvimento e licenciamento de programas de computador não-customizáveis,V,1,15.5,Atende;
6203100,Desenvolvimento e licenciamento de programas de computador não-customizáveis,III,1,6,Atende;
6204000,Consultoria em tecnologia da informação,V,1,15.5,Atende;
6209100,Suporte técnico, manutenção e outros serviços em tecnologia da informação,V,1,15.5,Atende;
6209100,Suporte técnico, manutenção e outros serviços em tecnologia da informação,III,1,6,Atende;
6311900,Tratamento de dados, provedores de serviços de aplicação e serviços de hospedagem na internet,V,1,15.5,Atende;
6311900,Tratamento de dados, provedores de serviços de aplicação e serviços de hospedagem na internet,III,1,6,Atende;
6319400,Portais, provedores de conteúdo e outros serviços de informação na internet,V,1,15.5,Atende;
6319400,Portais, provedores de conteúdo e outros serviços de informação na internet,III,1,6,Atende;
6391700,Agências de notícias,III,0,6,Atende;
6399200,Outras atividades de prestação de serviços de informação não especificadas anteriormente,III,0,6,Atende;
6619302,Correspondentes de instituições financeiras,III,0,6,Atende;
6621501,Peritos e avaliadores de seguros,V,1,15.5,Atende;
6621502,Auditoria e consultoria atuarial,V,1,15.5,Atende;
6622300,Corretores e agentes de seguros, de planos de previdência complementar e de saúde,III,0,6,Atende;
6629100,Atividades auxiliares dos seguros, da previdência complementar e dos planos de saúde não especificadas anteriormente,III,0,6,Atende;
6821801,Corretagem na compra e venda e avaliação de imóveis,III,0,6,Atende;
6821802,Corretagem no aluguel de imóveis,III,0,6,Atende;
6911701,Serviços advocatícios,IV,0,4.5,Atende;
6911703,Agente de propriedade industrial,V,1,15.5,Atende;
7020400,Atividades de consultoria em gestão empresarial, exceto consultoria técnica específica,V,1,15.5,Atende;
7111100,Serviços de arquitetura,III,1,6,Atende;
7112000,Serviços de engenharia,V,1,15.5,Atende;
7119701,Serviços de cartografia, topografia e geodésia,V,1,15.5,Atende;
7119702,Atividades de estudos geológicos,V,1,15.5,Atende;
7119703,Serviços de desenho técnico relacionados à arquitetura e engenharia,V,1,15.5,Atende;
7119704,Serviços de perícia técnica relacionados à segurança do trabalho,V,1,15.5,Atende;
7119799,Atividades técnicas relacionadas à engenharia e arquitetura não especificadas anteriormente,V,1,15.5,Atende;
7120100,Testes e análises técnicas,V,1,15.5,Atende;
7210000,Pesquisa e desenvolvimento experimental em ciências físicas e naturais,V,1,15.5,Atende;
7220700,Pesquisa e desenvolvimento experimental em ciências sociais e humanas,V,1,15.5,Atende;
7311400,Agências de publicidade,V,1,15.5,Atende;
7312200,AGENCIAMENTO DE ESPAÇOS PARA PUBLICIDADE, EXCETO EM VEÍCULOS DE COMUNICAÇÃO,III,0,6,Atende;
7319001,Criação de estandes para feiras e exposições,V,1,15.5,Atende;
7319002,Promoção de vendas,III,0,6,Atende;
7319003,Marketing direto,III,0,6,Atende;
7319004,Consultoria em publicidade,V,1,15.5,Atende;
7319099,Outras atividades de publicidade não especificadas anteriormente,III,0,6,Atende;
7320300,Pesquisas de mercado e de opinião pública,V,1,15.5,Atende;
7410202,Design de interiores,V,1,15.5,Atende;
7410202,Design de interiores,IV,1,4.5,Atende;
7410203,Design de produto,V,1,15.5,Atende;
7410299,Atividades de design não especificadas anteriormente,V,1,15.5,Atende;
7420001,Atividades de produção de fotografias, exceto aérea e submarina,III,0,6,Atende;
7420002,Atividades de produção de fotografias aéreas e submarinas,III,0,6,Atende;
7420003,Laboratórios fotográficos,III,0,6,Atende;
7420004,Filmagem de festas e eventos,III,0,6,Atende;
7420005,Serviços de microfilmagem,III,0,6,Atende;
7490101,Serviços de tradução, interpretação e similares,V,1,15.5,Atende;
7490102,Escafandria e mergulho,III,0,6,Atende;
7490103,Serviços de agronomia e de consultoria às atividades agrícolas e pecuárias,V,1,15.5,Atende;
7490104,Atividades de intermediação e agenciamento de serviços e negócios em geral, exceto imobiliários,V,1,15.5,Atende;
7490105,Agenciamento de profissionais para atividades esportivas, culturais e artísticas,V,1,15.5,Atende;
7490199,Outras atividades profissionais, científicas e técnicas não especificadas anteriormente,V,1,15.5,Atende;
7500100,Atividades veterinárias,V,1,15.5,Atende;
7721700,Aluguel de equipamentos recreativos e esportivos,III,0,6,Atende;
7722500,Aluguel de fitas de vídeo, DVDs e similares,III,0,6,Atende;
7723300,Aluguel de objetos do vestuário, jóias e acessórios,III,0,6,Atende;
7729201,Aluguel de aparelhos de jogos eletrônicos,III,0,6,Atende;
7729202,Aluguel de móveis, utensílios e aparelhos de uso doméstico e pessoal; instrumentos musicais,III,0,6,Atende
7729203,Aluguel de material médico,III,0,6,Atende;
7729299,Aluguel de outros objetos pessoais e domésticos não especificados anteriormente,III,0,6,Atende;
7731400,Aluguel de máquinas e equipamentos agrícolas sem operador,III,0,6,Atende;
7732201,Aluguel de máquinas e equipamentos para construção sem operador, exceto andaimes,III,0,6,Atende;
7732202,Aluguel de andaimes,III,0,6,Atende;
7733100,Aluguel de máquinas e equipamentos para escritório,III,0,6,Atende;
7739001,Aluguel de máquinas e equipamentos para extração de minérios e petróleo, sem operador,III,0,6,Atende;
7739002,Aluguel de equipamentos científicos, médicos e hospitalares, sem operador,III,0,6,Atende;
7739003,Aluguel de palcos, coberturas e outras estruturas de uso temporário, exceto andaimes,III,0,6,Atende;
7739099,Aluguel de outras máquinas e equipamentos comerciais e industriais não especificados anteriormente, sem operador,III,0,6,Atende;
7740300,Gestão de ativos intangíveis não-financeiros,V,1,15.5,Atende;
7911200,Agências de viagens,III,0,6,Atende;
7912100,Operadores turísticos,III,0,6,Atende;
7990200,Serviços de reservas e outros serviços de turismo não especificados anteriormente,III,0,6,Atende;
8011102,Serviços de adestramento de cães de guarda,III,0,6,Atende;
8030700,Atividades de investigação particular,V,1,15.5,Atende;
8121400,Limpeza em prédios e em domicílios,IV,0,4.5,Atende;
8122200,Imunização e controle de pragas urbanas,IV,0,4.5,Atende;
8129000,Atividades de limpeza não especificadas anteriormente,IV,0,4.5,Atende;
8130300,Atividades paisagísticas,IV,0,4.5,Atende;
8211300,Serviços combinados de escritório e apoio administrativo,III,0,6,Atende;
8219999,Preparação de documentos e serviços especializados de apoio administrativo não especificados anteriormente,III,0,6,Atende;
8220200,Atividades de teleatendimento,III,0,6,Atende;
8230001,Serviços de organização de feiras, congressos, exposições e festas,III,0,6,Atende;
8230002,Casas de festas e eventos,III,0,6,Atende;
8291100,Atividades de cobrança e informações cadastrais,III,0,6,Atende;
8299701,Medição de consumo de energia elétrica, gás e água,III,0,6,Atende;
8299703,Serviços de gravação de carimbos, exceto confecção,III,0,6,Atende;
8299707,Salas de acesso à internet,III,0,6,Atende;
8299799,Outras atividades de serviços prestados principalmente às empresas não especificadas anteriormente,V,1,15.5,Atende;
8299799,Outras atividades de serviços prestados principalmente às empresas não especificadas anteriormente,III,1,6,Atende;
8511200,Educação infantil – creche,III,0,6,Atende;
8512100,Educação infantil – pré-escola,III,0,6,Atende;
8513900,Ensino fundamental,III,0,6,Atende;
8520100,Ensino médio,III,0,6,Atende;
8531700,Educação superior – graduação,V,1,15.5,Atende;
8532500,Educação superior – graduação e pós-graduação,V,1,15.5,Atende;
8533300,Educação superior – pós-graduação e extensão,V,1,15.5,Atende;
8541400,Educação profissional de nível técnico,III,0,6,Atende;
8542200,Educação profissional de nível tecnológico,V,1,15.5,Atende;
8550302,Atividades de apoio à educação, exceto caixas escolares,V,1,15.5,Atende;
8591100,Ensino de esportes,V,1,15.5,Atende;
8591100,Ensino de esportes,III,1,6,Atende;
8592901,Ensino de dança,V,1,15.5,Atende;
8592901,Ensino de dança,III,1,6,Atende;
8592902,Ensino de artes cênicas, exceto dança,III,0,6,Atende;
8592903,Ensino de música,III,0,6,Atende;
8592999,Ensino de arte e cultura não especificado anteriormente,III,0,6,Atende;
8593700,Ensino de idiomas,III,0,6,Atende;
8599603,Treinamento em informática,III,0,6,Atende;
8599604,Treinamento em desenvolvimento profissional e gerencial,III,0,6,Atende;
8599605,Cursos preparatórios para concursos,III,0,6,Atende;
8599699,Outras atividades de ensino não especificadas anteriormente,III,0,6,Atende;
8610101,Atividades de atendimento hospitalar, exceto pronto-socorro e unidades para atendimento a urgências,III,1,6,Atende;
8630501,Atividade médica ambulatorial com recursos para realização de procedimentos cirúrgicos,III,1,6,Atende;
8630502,Atividade médica ambulatorial com recursos para realização de exames complementares,III,1,6,Atende;
8630503,Atividade médica ambulatorial restrita a consultas,III,1,6,Atende;
8630504,Atividade odontológica,III,1,6,Atende;
8630506,Serviços de vacinação e imunização humana,III,1,6,Atende;
8630507,Atividades de reprodução humana assistida,III,1,6,Atende;
8630599,Atividades de atenção ambulatorial não especificadas anteriormente,III,1,6,Atende;
8640201,Laboratórios de anatomia patológica e citológica,V,1,15.5,Atende;
8640201,Laboratórios de anatomia patológica e citológica,III,1,6,Atende;
8640202,Laboratórios clínicos,V,1,15.5,Atende;
8640202,Laboratórios clínicos,III,1,6,Atende;
8640203,Serviços de diálise e nefrologia,III,1,6,Atende;
8640204,Serviços de tomografia,V,1,15.5,Atende;
8640204,Serviços de tomografia,III,1,6,Atende;
8640205,Serviços de diagnóstico por imagem com uso de radiação ionizante, exceto tomografia,V,1,15.5,Atende;
8640205,Serviços de diagnóstico por imagem com uso de radiação ionizante, exceto tomografia,III,1,6,Atende;
8640206,Serviços de ressonância magnética,V,1,15.5,Atende;
8640206,Serviços de ressonância magnética,III,1,6,Atende;
8640207,Serviços de diagnóstico por imagem sem uso de radiação ionizante, exceto ressonância magnética,V,1,15.5,Atende;
8640207,Serviços de diagnóstico por imagem sem uso de radiação ionizante, exceto ressonância magnética,III,1,6,Atende;
8640208,Serviços de diagnóstico por registro gráfico – ECG, EEG e outros exames análogos,V,1,15.5,Atende;
8640208,Serviços de diagnóstico por registro gráfico – ECG, EEG e outros exames análogos,III,1,6,Atende;
8640209,Serviços de diagnóstico por métodos ópticos – endoscopia e outros exames análogos,V,1,15.5,Atende;
8640209,Serviços de diagnóstico por métodos ópticos – endoscopia e outros exames análogos,III,1,6,Atende;
8640210,Serviços de quimioterapia,III,1,6,Atende;
8640211,Serviços de radioterapia,III,1,6,Atende;
8640212,Serviços de hemoterapia,III,1,6,Atende;
8640213,Serviços de litotripsia,III,1,6,Atende;
8640214,Serviços de bancos de células e tecidos humanos,III,1,6,Atende;
8640299,Atividades de serviços de complementação diagnóstica e terapêutica não especificadas anteriormente,III,1,6,Atende;
8650001,Atividades de enfermagem,III,1,6,Atende;
8650002,Atividades de profissionais da nutrição,III,1,6,Atende;
8650003,Atividades de psicologia e psicanálise,III,1,6,Atende;
8650004,Atividades de fisioterapia,III,1,6,Atende;
8650004,Atividades de fisioterapia,III,1,6,Atende;
8650005,Atividades de terapia ocupacional,III,1,6,Atende;
8650006,Atividades de fonoaudiologia,III,1,6,Atende;
8650007,Atividades de terapia de nutrição enteral e parenteral,V,1,15.5,Atende;
8650099,Atividades de profissionais da área de saúde não especificadas anteriormente,V,1,15.5,Atende;
8660700,Atividades de apoio à gestão de saúde,V,1,15.5,Atende;
8690901,Atividades de práticas integrativas e complementares em saúde humana,V,1,15.5,Atende;
8690903,Atividades de acupuntura,III,1,6,Atende;
8690904,Atividades de podologia,III,1,6,Atende;
8690999,Outras atividades de atenção à saúde humana não especificadas anteriormente,V,1,15.5,Atende;
9001901,Produção teatral,III,0,6,Atende;
9001902,Produção musical,III,0,6,Atende;
9001903,Produção de espetáculos de dança,III,0,6,Atende;
9001904,Produção de espetáculos circenses, de marionetes e similares,III,0,6,Atende;
9001905,Produção de espetáculos de rodeios, vaquejadas e similares,III,0,6,Atende;
9001906,Atividades de sonorização e de iluminação,III,0,6,Atende;
9001999,Artes cênicas, espetáculos e atividades complementares não especificados anteriormente,III,0,6,Atende;
9002701,Atividades de artistas plásticos, jornalistas independentes e escritores,V,1,15.5,Atende;
9002702,Restauração de obras de arte,III,0,6,Atende;
9311500,Gestão de instalações de esportes,III,0,6,Atende;
9313100,Atividades de condicionamento físico,V,1,15.5,Atende;
9313100,Atividades de condicionamento físico,III,1,6,Atende;
9319101,Produção e promoção de eventos esportivos,III,0,6,Atende;
9319199,Outras atividades esportivas não especificadas anteriormente,III,0,6,Atende;
9329802,Exploração de boliches,III,0,6,Atende;
9329803,Exploração de jogos de sinuca, bilhar e similares,III,0,6,Atende;
9329804,Exploração de jogos eletrônicos recreativos,III,0,6,Atende;
9329899,Outras atividades de recreação e lazer não especificadas anteriormente,III,0,6,Atende;
9511800,Reparação e manutenção de computadores e de equipamentos periféricos,III,0,6,Atende;
9512600,Reparação e manutenção de equipamentos de comunicação,III,0,6,Atende;
9521500,Reparação e manutenção de equipamentos eletroeletrônicos de uso pessoal e doméstico,III,0,6,Atende;
9529101,Reparação de calçados, bolsas e artigos de viagem,III,0,6,Atende;
9529102,Chaveiros,III,0,6,Atende;
9529103,Reparação de relógios,III,0,6,Atende;
9529104,Reparação de bicicletas, triciclos e outros veículos não-motorizados,III,0,6,Atende;
9529105,Reparação de artigos do mobiliário,III,0,6,Atende;
9529106,Reparação de jóias,III,0,6,Atende;
9529199,Reparação e manutenção de outros objetos e equipamentos pessoais e domésticos não especificados anteriormente,III,0,6,Atende;
9601701,Lavanderias,III,0,6,Atende;
9601702,Tinturarias,III,0,6,Atende;
9601703,Toalheiros,III,0,6,Atende;
9602501,Cabeleireiros, manicure e pedicure,III,0,6,Atende;
9602502,Atividades de Estética e outros serviços de cuidados com a beleza,III,0,6,Atende;
9609202,Agências matrimoniais,III,0,6,Atende;
9609205,Atividades de sauna e banhos,III,0,6,Atende;
9609206,Serviços de tatuagem e colocação de piercing,III,0,6,Atende;
9609207,Alojamento de animais domésticos,III,0,6,Atende;
9609208,Higiene e embelezamento de animais domésticos,III,0,6,Atende;
9609299,Outras atividades de serviços pessoais não especificadas anteriormente,III,0,6,Atende;
111301,Cultivo de arroz,I,0,4,0 atende;
111302,Cultivo de milho,I,0,4,0 atende;
111303,Cultivo de trigo,I,0,4,0 atende;
111399,Cultivo de outros cereais não especificados anteriormente,I,0,4,0 atende;
112101,Cultivo de algodão herbáceo,I,0,4,0 atende;
112102,Cultivo de juta,I,0,4,0 atende;
112199,Cultivo de outras fibras de lavoura temporária não especificadas anteriormente,I,0,4,0 atende;
113000,Cultivo de cana-de-açúcar,I,0,4,0 atende;
114800,Cultivo de fumo,I,0,4,0 atende;
115600,Cultivo de soja,I,0,4,0 atende;
116401,Cultivo de amendoim,I,0,4,0 atende;
116402,Cultivo de girassol,I,0,4,0 atende;
116403,Cultivo de mamona,I,0,4,0 atende;
116499,Cultivo de outras oleaginosas de lavoura temporária não especificadas anteriormente,I,0,4,0 atende;
119901,Cultivo de abacaxi,I,0,4,0 atende;
119902,Cultivo de alho,I,0,4,0 atende;
119903,Cultivo de batata-inglesa,I,0,4,0 atende;
119904,Cultivo de cebola,I,0,4,0 atende;
119905,Cultivo de feijão,I,0,4,0 atende;
119906,Cultivo de mandioca,I,0,4,0 atende;
119907,Cultivo de melão,I,0,4,0 atende;
119908,Cultivo de melancia,I,0,4,0 atende;
119909,Cultivo de tomate rasteiro,I,0,4,0 atende;
119999,Cultivo de outras plantas de lavoura temporária não especificadas anteriormente,I,0,4,0 atende;
121101,Horticultura, exceto morango,I,0,4,0 atende;
121102,Cultivo de morango,I,0,4,0 atende;
122900,Cultivo de flores e plantas ornamentais,I,0,4,0 atende;
131800,Cultivo de laranja,I,0,4,0 atende;
132600,Cultivo de uva,I,0,4,0 atende;
133401,Cultivo de açaí,I,0,4,0 atende;
133402,Cultivo de banana,I,0,4,0 atende;
133403,Cultivo de caju,I,0,4,0 atende;
133404,Cultivo de cítricos, exceto laranja,I,0,4,0 atende;
133405,Cultivo de coco-da-baía,I,0,4,0 atende;
133406,Cultivo de guaraná,I,0,4,0 atende;
133407,Cultivo de maçã,I,0,4,0 atende;
133408,Cultivo de mamão,I,0,4,0 atende;
133409,Cultivo de maracujá,I,0,4,0 atende;
133410,Cultivo de manga,I,0,4,0 atende;
133411,Cultivo de pêssego,I,0,4,0 atende;
133499,Cultivo de frutas de lavoura permanente não especificadas anteriormente,I,0,4,0 atende;
134200,Cultivo de café,I,0,4,0 atende;
135100,Cultivo de cacau,I,0,4,0 atende;
139301,Cultivo de chá-da-índia,I,0,4,0 atende;
139302,Cultivo de erva-mate,I,0,4,0 atende;
139303,Cultivo de pimenta-do-reino,I,0,4,0 atende;
139304,Cultivo de plantas para condimento, exceto pimenta-do-reino,I,0,4,0 atende;
139305,Cultivo de dendê,I,0,4,0 atende;
139306,Cultivo de seringueira,I,0,4,0 atende;
139399,Cultivo de outras plantas de lavoura permanente não especificadas anteriormente,I,0,4,0 atende;
141501,Produção de sementes certificadas, exceto de forrageiras para pasto,I,0,4,0 atende;
141502,Produção de sementes certificadas de forrageiras para formação de pasto,I,0,4,0 atende;
142300,Produção de mudas e outras formas de propagação vegetal, certificadas,I,0,4,0 atende;
151201,Criação de bovinos para corte,I,0,4,0 atende;
151202,Criação de bovinos para leite,I,0,4,0 atende;
151203,Criação de bovinos, exceto para corte e leite,I,0,4,0 atende;
152101,Criação de bufalinos,I,0,4,0 atende;
152102,Criação de eqüinos,I,0,4,0 atende;
152103,Criação de asininos e muares,I,0,4,0 atende;
153901,Criação de caprinos,I,0,4,0 atende;
153902,Criação de ovinos, inclusive para produção de lã,I,0,4,0 atende;
154700,Criação de suínos,I,0,4,0 atende;
155501,Criação de frangos para corte,I,0,4,0 atende;
155502,Produção de pintos de um dia,I,0,4,0 atende;
155503,Criação de outros galináceos, exceto para corte,I,0,4,0 atende;
155504,Criação de aves, exceto galináceos,I,0,4,0 atende;
155505,Produção de ovos,I,0,4,0 atende;
159801,Apicultura,I,0,4,0 atende;
159802,Criação de animais de estimação,I,0,4,0 atende;
159803,Criação de escargô,I,0,4,0 atende;
159804,Criação de bicho-da-seda,I,0,4,0 atende;
159899,Criação de outros animais não especificados anteriormente,I,0,4,0 atende;
161001,Serviço de pulverização e controle de pragas agrícolas,III,0,6,0 atende;
161002,Serviço de poda de árvores para lavouras,III,0,6,0 atende;
161003,Serviço de preparação de terreno, cultivo e colheita,III,0,6,0 atende;
161099,Atividades de apoio à agricultura não especificadas anteriormente,III,0,6,0 atende;
162802,Serviço de tosquiamento de ovinos,III,0,6,0 atende;
162803,Serviço de manejo de animais,III,0,6,0 atende;
162899,Atividades de apoio à pecuária não especificadas anteriormente,III,0,6,0 atende;
163600,Atividades de pós-colheita,III,0,6,0 atende;
170900,Caça e serviços relacionados,I,0,4,0 atende;
210101,Cultivo de eucalipto,I,0,4,0 atende;
210102,Cultivo de acácia-negra,I,0,4,0 atende;
210103,Cultivo de pinus,I,0,4,0 atende;
210104,Cultivo de teca,I,0,4,0 atende;
210105,Cultivo de espécies madeireiras, exceto eucalipto, acácia-negra, pinus e teca,I,0,4,0 atende;
210106,Cultivo de mudas em viveiros florestais,I,0,4,0 atende;
210107,Extração de madeira em florestas plantadas,I,0,4,0 atende;
210108,Produção de carvão vegetal – florestas plantadas,I,0,4,0 atende;
210109,Produção de casca de acácia-negra – florestas plantadas,I,0,4,0 atende;
210199,Produção de produtos não-madeireiros não especificados anteriormente em florestas plantadas,I,0,4,0 atende;
220901,Extração de madeira em florestas nativas,I,0,4,0 atende;
220902,Produção de carvão vegetal – florestas nativas,I,0,4,0 atende;
220903,Coleta de castanha-do-pará em florestas nativas,I,0,4,0 atende;
220904,Coleta de látex em florestas nativas,I,0,4,0 atende;
220905,Coleta de palmito em florestas nativas,I,0,4,0 atende;
220906,Conservação de florestas nativas,I,0,4,0 atende;
220999,Coleta de produtos não-madeireiros não especificados anteriormente em florestas nativas,I,0,4,0 atende;
230600,Atividades de apoio à produção florestal,III,0,6,0 atende;
311601,Pesca de peixes em água salgada,I,0,4,0 atende;
311602,Pesca de crustáceos e moluscos em água salgada,I,0,4,0 atende;
311603,Coleta de outros produtos marinhos,I,0,4,0 atende;
311604,Atividades de apoio à pesca em água salgada,III,0,6,0 atende;
312401,Pesca de peixes em água doce,I,0,4,0 atende;
312402,Pesca de crustáceos e moluscos em água doce,I,0,4,0 atende;
312403,Coleta de outros produtos aquáticos de água doce,I,0,4,0 atende;
312404,Atividades de apoio à pesca em água doce,III,0,6,0 atende;
321301,Criação de peixes em água salgada e salobra,I,0,4,0 atende;
321302,Criação de camarões em água salgada e salobra,I,0,4,0 atende;
321303,Criação de ostras e mexilhões em água salgada e salobra,I,0,4,0 atende;
321304,Criação de peixes ornamentais em água salgada e salobra,I,0,4,0 atende;
321305,Atividades de apoio à aqüicultura em água salgada e salobra,III,0,6,0 atende;
321399,Cultivos e semicultivos da aqüicultura em água salgada e salobra não especificados anteriormente,I,0,4,0 atende;
322101,Criação de peixes em água doce,I,0,4,0 atende;
322102,Criação de camarões em água doce,I,0,4,0 atende;
322103,Criação de ostras e mexilhões em água doce,I,0,4,0 atende;
322104,Criação de peixes ornamentais em água doce,I,0,4,0 atende;
322105,Ranicultura,I,0,4,0 atende;
322106,Criação de jacaré,I,0,4,0 atende;
322107,Atividades de apoio à aqüicultura em água doce,III,0,6,0 atende;
322199,Cultivos e semicultivos da aqüicultura em água doce não especificados anteriormente,I,0,4,0 atende;
500301,Extração de carvão mineral,I,0,4,0 atende;
500302,Beneficiamento de carvão mineral,I,0,4,0 atende;
600001,Extração de petróleo e gás natural,I,0,4,0 atende;
600002,Extração e beneficiamento de xisto,I,0,4,0 atende;
600003,Extração e beneficiamento de areias betuminosas,I,0,4,0 atende;
710301,Extração de minério de ferro,I,0,4,0 atende;
710302,Pelotização, sinterização e outros beneficiamentos de minério de ferro,II,0,4.5,0 atende;
721901,Extração de minério de alumínio,I,0,4,0 atende;
721902,Beneficiamento de minério de alumínio,II,0,4.5,0 atende;
722701,Extração de minério de estanho,I,0,4,0 atende;
722702,Beneficiamento de minério de estanho,II,0,4.5,0 atende;
723501,Extração de minério de manganês,I,0,4,0 atende;
723502,Beneficiamento de minério de manganês,II,0,4.5,0 atende;
724301,Extração de minério de metais preciosos,I,0,4,0 atende;
724302,Beneficiamento de minério de metais preciosos,II,0,4.5,0 atende;
725100,Extração de minerais radioativos,I,0,4,0 atende;
729401,Extração de minérios de nióbio e titânio,I,0,4,0 atende;
729402,Extração de minério de tungstênio,I,0,4,0 atende;
729403,Extração de minério de níquel,I,0,4,0 atende;
729404,Extração de minérios de cobre, chumbo, zinco e outros minerais metálicos não-ferrosos não especificados anteriormente,I,0,4,0 atende;
729405,Beneficiamento de minérios de cobre, chumbo, zinco e outros minerais metálicos não-ferrosos não especificados anteriormente,II,0,4.5,0 atende;
810001,Extração de ardósia e beneficiamento associado,I,0,4,0 atende;
810002,Extração de granito e beneficiamento associado,I,0,4,0 atende;
810003,Extração de mármore e beneficiamento associado,I,0,4,0 atende;
810004,Extração de calcário e dolomita e beneficiamento associado,I,0,4,0 atende;
810005,Extração de gesso e caulim,I,0,4,0 atende;
810006,Extração de areia, cascalho ou pedregulho e beneficiamento associado,I,0,4,0 atende;
810007,Extração de argila e beneficiamento associado,I,0,4,0 atende;
810008,Extração de saibro e beneficiamento associado,I,0,4,0 atende;
810009,Extração de basalto e beneficiamento associado,I,0,4,0 atende;
810010,Beneficiamento de gesso e caulim associado à extração,II,0,4.5,0 atende;
810099,Extração e britamento de pedras e outros materiais para construção e beneficiamento associado,I,0,4,0 atende;
891600,Extração de minerais para fabricação de adubos, fertilizantes e outros produtos químicos,I,0,4,0 atende;
892401,Extração de sal marinho,I,0,4,0 atende;
892402,Extração de sal-gema,I,0,4,0 atende;
892403,Refino e outros tratamentos do sal,II,0,4.5,0 atende;
893200,Extração de gemas (pedras preciosas e semipreciosas),I,0,4,0 atende;
899101,Extração de grafita,I,0,4,0 atende;
899102,Extração de quartzo,I,0,4,0 atende;
899103,Extração de amianto,I,0,4,0 atende;
899199,Extração de outros minerais não-metálicos não especificados anteriormente,I,0,4,0 atende;
910600,Atividades de apoio à extração de petróleo e gás natural,III,0,6,0 atende;
990401,Atividades de apoio à extração de minério de ferro,III,0,6,0 atende;
990402,Atividades de apoio à extração de minerais metálicos não-ferrosos,III,0,6,0 atende;
990403,Atividades de apoio à extração de minerais não-metálicos,III,0,6,0 atende;
1011201,Frigorífico – abate de bovinos,II,0,4.5,0 atende;
1011202,Frigorífico – abate de eqüinos,II,0,4.5,0 atende;
1011203,Frigorífico – abate de ovinos e caprinos,II,0,4.5,0 atende;
1011204,Frigorífico – abate de bufalinos,II,0,4.5,0 atende;
1011205,Matadouro – abate de reses sob contrato, exceto abate de suínos,II,0,4.5,0 atende;
1012101,Abate de aves,II,0,4.5,0 atende;
1012102,Abate de pequenos animais,II,0,4.5,0 atende;
1012103,Frigorífico – abate de suínos,II,0,4.5,0 atende;
1012104,Matadouro – abate de suínos sob contrato,II,0,4.5,0 atende;
1013901,Fabricação de produtos de carne,II,0,4.5,0 atende;
1013902,Preparação de subprodutos do abate,II,0,4.5,0 atende;
1020101,Preservação de peixes, crustáceos e moluscos,II,0,4.5,0 atende;
1020102,Fabricação de conservas de peixes, crustáceos e moluscos,II,0,4.5,0 atende;
1031700,Fabricação de conservas de frutas,II,0,4.5,0 atende;
1032501,Fabricação de conservas de palmito,II,0,4.5,0 atende;
1032599,Fabricação de conservas de legumes e outros vegetais, exceto palmito,II,0,4.5,0 atende;
1033301,Fabricação de sucos concentrados de frutas, hortaliças e legumes,II,0,4.5,0 atende;
1033302,Fabricação de sucos de frutas, hortaliças e legumes, exceto concentrados,II,0,4.5,0 atende;
1041400,Fabricação de óleos vegetais em bruto, exceto óleo de milho,II,0,4.5,0 atende;
1042200,Fabricação de óleos vegetais refinados, exceto óleo de milho,II,0,4.5,0 atende;
1043100,Fabricação de margarina e outras gorduras vegetais e de óleos não-comestíveis de animais,II,0,4.5,0 atende;
1051100,Preparação do leite,II,0,4.5,0 atende;
1052000,Fabricação de laticínios,II,0,4.5,0 atende;
1053800,Fabricação de sorvetes e outros gelados comestíveis,II,0,4.5,0 atende;
1061901,Beneficiamento de arroz,II,0,4.5,0 atende;
1061902,Fabricação de produtos do arroz,II,0,4.5,0 atende;
1062700,Moagem de trigo e fabricação de derivados,II,0,4.5,0 atende;
1063500,Fabricação de farinha de mandioca e derivados,II,0,4.5,0 atende;
1064300,Fabricação de farinha de milho e derivados, exceto óleos de milho,II,0,4.5,0 atende;
1065101,Fabricação de amidos e féculas de vegetais,II,0,4.5,0 atende;
1065102,Fabricação de óleo de milho em bruto,II,0,4.5,0 atende;
1065103,Fabricação de óleo de milho refinado,II,0,4.5,0 atende;
1066000,Fabricação de alimentos para animais,II,0,4.5,0 atende;
1069400,Moagem e fabricação de produtos de origem vegetal não especificados anteriormente,II,0,4.5,0 atende;
1071600,Fabricação de açúcar em bruto,II,0,4.5,0 atende;
1072401,Fabricação de açúcar de cana refinado,II,0,4.5,0 atende;
1072402,Fabricação de açúcar de cereais (dextrose) e de beterraba,II,0,4.5,0 atende;
1081301,Beneficiamento de café,II,0,4.5,0 atende;
1081302,Torrefação e moagem de café,II,0,4.5,0 atende;
1082100,Fabricação de produtos à base de café,II,0,4.5,0 atende;
1091101,Fabricação de produtos de panificação industrial,II,0,4.5,0 atende;
1091102,Fabricação de produtos de padaria e confeitaria com predominância de produção própria,I,0,4,0 atende;
1092900,Fabricação de biscoitos e bolachas,II,0,4.5,0 atende;
1093701,Fabricação de produtos derivados do cacau e de chocolates,II,0,4.5,0 atende;
1093702,Fabricação de frutas cristalizadas, balas e semelhantes,II,0,4.5,0 atende;
1094500,Fabricação de massas alimentícias,II,0,4.5,0 atende;
1095300,Fabricação de especiarias, molhos, temperos e condimentos,II,0,4.5,0 atende;
1096100,Fabricação de alimentos e pratos prontos,II,0,4.5,0 atende;
1099601,Fabricação de vinagres,II,0,4.5,0 atende;
1099602,Fabricação de pós alimentícios,II,0,4.5,0 atende;
1099603,Fabricação de fermentos e leveduras,II,0,4.5,0 atende;
1099604,Fabricação de gelo comum,II,0,4.5,0 atende;
1099605,Fabricação de produtos para infusão (chá, mate, etc.),II,0,4.5,0 atende;
1099606,Fabricação de adoçantes naturais e artificiais,II,0,4.5,0 atende;
1099607,Fabricação de alimentos dietéticos e complementos alimentares,II,0,4.5,0 atende;
1099699,Fabricação de outros produtos alimentícios não especificados anteriormente,II,0,4.5,0 atende;
1111901,Fabricação de aguardente de cana de açúcar,II,0,4.5,0 atende;
1111902,Fabricação de outras aguardentes e bebidas destiladas,I,0,4.5,0 atende;
1112700,Fabricação de vinho,I,0,4,0 atende;
1113501,Fabricação de malte, inclusive malte uísque,II,0,4.5,0 atende;
1113502,Fabricação de cervejas e chopes,II,0,4.5,0 atende;
1121600,Fabricação de águas envasadas,II,0,4.5,0 atende;
1122401,Fabricação de refrigerantes,II,0,4.5,0 atende;
1122402,Fabricação de chá mate e outros chás prontos para consumo,II,0,4.5,0 atende;
1122403,Fabricação de refrescos, xaropes e pós para refrescos, exceto refrescos de frutas,II,0,4.5,0 atende;
1122404,Fabricação de bebidas isotônicas,II,0,4.5,0 atende;
1122499,Fabricação de outras bebidas não alcoólicas não especificadas anteriormente,II,0,4.5,0 atende;
1210700,Processamento industrial do fumo,II,0,4.5,0 atende;
1220499,Fabricação de outros produtos do fumo, exceto cigarros, cigarrilhas e charutos,II,0,4.5,0 atende;
1311100,Preparação e fiação de fibras de algodão,II,0,4.5,0 atende;
1312000,Preparação e fiação de fibras têxteis naturais, exceto algodão,II,0,4.5,0 atende;
1313800,Fiação de fibras artificiais e sintéticas,II,0,4.5,0 atende;
1314600,Fabricação de linhas para costurar e bordar,II,0,4.5,0 atende;
1321900,Tecelagem de fios de algodão,II,0,4.5,0 atende;
1322700,Tecelagem de fios de fibras têxteis naturais, exceto algodão,II,0,4.5,0 atende;
1323500,Tecelagem de fios de fibras artificiais e sintéticas,II,0,4.5,0 atende;
1330800,Fabricação de tecidos de malha,II,0,4.5,0 atende;
1340501,Estamparia e texturização em fios, tecidos, artefatos têxteis e peças do vestuário,II,0,4.5,0 atende;
1340502,Alvejamento, tingimento e torção em fios, tecidos, artefatos têxteis e peças do vestuário,II,0,4.5,0 atende;
1340599,Outros serviços de acabamento em fios, tecidos, artefatos têxteis e peças do vestuário,II,0,4.5,0 atende;
1351100,Fabricação de artefatos têxteis para uso doméstico,II,0,4.5,0 atende;
1352900,Fabricação de artefatos de tapeçaria,II,0,4.5,0 atende;
1353700,Fabricação de artefatos de cordoaria,II,0,4.5,0 atende;
1354500,Fabricação de tecidos especiais, inclusive artefatos,II,0,4.5,0 atende;
1359600,Fabricação de outros produtos têxteis não especificados anteriormente,II,0,4.5,0 atende;
1411801,Confecção de roupas íntimas,II,0,4.5,0 atende;
1411802,Facção de roupas íntimas,II,0,4.5,0 atende;
1412601,Confecção de peças do vestuário, exceto roupas íntimas e as confeccionadas sob medida,II,0,4.5,0 atende;
1412602,Confecção, sob medida, de peças do vestuário, exceto roupas íntimas,II,0,4.5,0 atende;
1412603,Facção de peças do vestuário, exceto roupas íntimas,II,0,4.5,0 atende;
1413401,Confecção de roupas profissionais, exceto sob medida,II,0,4.5,0 atende;
1413402,Confecção, sob medida, de roupas profissionais,II,0,4.5,0 atende;
1413403,Facção de roupas profissionais,II,0,4.5,0 atende;
1414200,Fabricação de acessórios do vestuário, exceto para segurança e proteção,II,0,4.5,0 atende;
1421500,Fabricação de meias,II,0,4.5,0 atende;
1422300,Fabricação de artigos do vestuário, produzidos em malharias e tricotagens, exceto meias,II,0,4.5,0 atende;
1510600,Curtimento e outras preparações de couro,II,0,4.5,0 atende;
1521100,Fabricação de artigos para viagem, bolsas e semelhantes de qualquer material,II,0,4.5,0 atende;
1529700,Fabricação de artefatos de couro não especificados anteriormente,II,0,4.5,0 atende;
1531901,Fabricação de calçados de couro,II,0,4.5,0 atende;
1531902,Acabamento de calçados de couro sob contrato,III,0,6,0 atende;
1532700,Fabricação de tênis de qualquer material,II,0,4.5,0 atende;
1533500,Fabricação de calçados de material sintético,II,0,4.5,0 atende;
1539400,Fabricação de calçados de materiais não especificados anteriormente,II,0,4.5,0 atende;
1540800,Fabricação de partes para calçados, de qualquer material,II,0,4.5,0 atende;
1610203,Serrarias com desdobramento de madeira em bruto,II,0,4.5,0 atende;
1610204,Serrarias sem desdobramento de madeira em bruto - resserragem,I,0,4,0 atende;
1621800,Fabricação de madeira laminada e de chapas de madeira compensada, prensada e aglomerada,II,0,4.5,0 atende;
1622601,Fabricação de casas de madeira pré-fabricadas,II,0,4.5,0 atende;
1622602,Fabricação de esquadrias de madeira e de peças de madeira para instalações industriais e comerciais,II,0,4.5,0 atende;
1622699,Fabricação de outros artigos de carpintaria para construção,II,0,4.5,0 atende;
1623400,Fabricação de artefatos de tanoaria e de embalagens de madeira,II,0,4.5,0 atende;
1629301,Fabricação de artefatos diversos de madeira, exceto móveis,II,0,4.5,0 atende;
1629302,Fabricação de artefatos diversos de cortiça, bambu, palha, vime e outros materiais trançados, exceto móveis,II,0,4.5,0 atende;
1710900,Fabricação de celulose e outras pastas para a fabricação de papel,II,0,4.5,0 atende;
1721400,Fabricação de papel,II,0,4.5,0 atende;
1722200,Fabricação de cartolina e papel-cartão,II,0,4.5,0 atende;
1731100,Fabricação de embalagens de papel,II,0,4.5,0 atende;
1732000,Fabricação de embalagens de cartolina e papel-cartão,II,0,4.5,0 atende;
1733800,Fabricação de chapas e de embalagens de papelão ondulado,II,0,4.5,0 atende;
1741901,Fabricação de formulários contínuos,II,0,4.5,0 atende;
1741902,Fabricação de produtos de papel, cartolina, papel-cartão e papelão ondulado para uso comercial e de escritório,II,0,4.5,0 atende;
1742701,Fabricação de fraldas descartáveis,II,0,4.5,0 atende;
1742702,Fabricação de absorventes higiênicos,II,0,4.5,0 atende;
1742799,Fabricação de produtos de papel para uso doméstico e higiênico-sanitário não especificados anteriormente,II,0,4.5,0 atende;
1749400,Fabricação de produtos de pastas celulósicas, papel, cartolina, papel-cartão e papelão ondulado não especificados anteriormente,II,0,4.5,0 atende;
1811301,Impressão de jornais,II,0,4.5,0 atende;
1811302,Impressão de livros, revistas e outras publicações periódicas,II,0,4.5,0 atende;
1812100,Impressão de material de segurança,II,0,4.5,0 atende;
1813001,Impressão de material para uso publicitário,III,0,6,0 atende;
1813099,Impressão de material para outros usos,III,0,6,0 atende;
1821100,Serviços de pré-impressão,III,0,6,0 atende;
1822901,Serviços de encadernação e plastificação,III,0,6,0 atende;
1822999,Serviços de acabamentos gráficos, exceto encadernação e plastificação,III,0,6,0 atende;
1830001,Reprodução de som em qualquer suporte,III,0,6,0 atende;
1830002,Reprodução de vídeo em qualquer suporte,III,0,6,0 atende;
1830003,Reprodução de software em qualquer suporte,V,0,15.5,0 atende;
1910100,Coquerias,II,0,4.5,0 atende;
1921700,Fabricação de produtos do refino de petróleo,II,0,4.5,0 atende;
1922501,Formulação de combustíveis,II,0,4.5,0 atende;
1922502,Rerrefino de óleos lubrificantes,II,0,4.5,0 atende;
1922599,Fabricação de outros produtos derivados do petróleo, exceto produtos do refino,II,0,4.5,0 atende;
1931400,Fabricação de álcool,II,0,4.5,0 atende;
1932200,Fabricação de biocombustíveis, exceto álcool,II,0,4.5,0 atende;
2011800,Fabricação de cloro e álcalis,II,0,4.5,0 atende;
2012600,Fabricação de intermediários para fertilizantes,II,0,4.5,0 atende;
2013401,Fabricação de adubos e fertilizantes organo-minerais,II,0,4.5,0 atende;
2013402,Fabricação de adubos e fertilizantes, exceto organo-minerais,II,0,4.5,0 atende;
2014200,Fabricação de gases industriais,II,0,4.5,0 atende;
2019301,Elaboração de combustíveis nucleares,II,0,4.5,0 atende;
2019399,Fabricação de outros produtos químicos inorgânicos não especificados anteriormente,II,0,4.5,0 atende;
2021500,Fabricação de produtos petroquímicos básicos,II,0,4.5,0 atende;
2022300,Fabricação de intermediários para plastificantes, resinas e fibras,II,0,4.5,0 atende;
2029100,Fabricação de produtos químicos orgânicos não especificados anteriormente,II,0,4.5,0 atende;
2031200,Fabricação de resinas termoplásticas,II,0,4.5,0 atende;
2032100,Fabricação de resinas termofixas,II,0,4.5,0 atende;
2033900,Fabricação de elastômeros,II,0,4.5,0 atende;
2040100,Fabricação de fibras artificiais e sintéticas,II,0,4.5,0 atende;
2051700,Fabricação de defensivos agrícolas,II,0,4.5,0 atende;
2052500,Fabricação de desinfestantes domissanitários,II,0,4.5,0 atende;
2061400,Fabricação de sabões e detergentes sintéticos,II,0,4.5,0 atende;
2062200,Fabricação de produtos de limpeza e polimento,II,0,4.5,0 atende;
2063100,Fabricação de cosméticos, produtos de perfumaria e de higiene pessoal,II,0,4.5,0 atende;
2071100,Fabricação de tintas, vernizes, esmaltes e lacas,II,0,4.5,0 atende;
2072000,Fabricação de tintas de impressão,II,0,4.5,0 atende;
2073800,Fabricação de impermeabilizantes, solventes e produtos afins,II,0,4.5,0 atende;
2091600,Fabricação de adesivos e selantes,II,0,4.5,0 atende;
2092402,Fabricação de artigos pirotécnicos,II,0,4.5,0 atende;
2092403,Fabricação de fósforos de segurança,II,0,4.5,0 atende;
2093200,Fabricação de aditivos de uso industrial,II,0,4.5,0 atende;
2094100,Fabricação de catalisadores,II,0,4.5,0 atende;
2099101,Fabricação de chapas, filmes, papéis e outros materiais e produtos químicos para fotografia,II,0,4.5,0 atende;
2099199,Fabricação de outros produtos químicos não especificados anteriormente,II,0,4.5,0 atende;
2110600,Fabricação de produtos farmoquímicos,II,0,4.5,0 atende;
2121101,Fabricação de medicamentos alopáticos para uso humano,II,0,4.5,0 atende;
2121102,Fabricação de medicamentos homeopáticos para uso humano,II,0,4.5,0 atende;
2121103,Fabricação de medicamentos fitoterápicos para uso humano,II,0,4.5,0 atende;
2122000,Fabricação de medicamentos para uso veterinário,II,0,4.5,0 atende;
2123800,Fabricação de preparações farmacêuticas,II,0,4.5,0 atende;
2211100,Fabricação de pneumáticos e de câmaras-de-ar,II,0,4.5,0 atende;
2212900,Reforma de pneumáticos usados,II,0,4.5,0 atende;
2219600,Fabricação de artefatos de borracha não especificados anteriormente,II,0,4.5,0 atende;
2221800,Fabricação de laminados planos e tubulares de material plástico,II,0,4.5,0 atende;
2222600,Fabricação de embalagens de material plástico,II,0,4.5,0 atende;
2223400,Fabricação de tubos e acessórios de material plástico para uso na construção,II,0,4.5,0 atende;
2229301,Fabricação de artefatos de material plástico para uso pessoal e doméstico,II,0,4.5,0 atende;
2229302,Fabricação de artefatos de material plástico para usos industriais,II,0,4.5,0 atende;
2229303,Fabricação de artefatos de material plástico para uso na construção, exceto tubos e acessórios,II,0,4.5,0 atende;
2229399,Fabricação de artefatos de material plástico para outros usos não especificados anteriormente,II,0,4.5,0 atende;
2311700,Fabricação de vidro plano e de segurança,II,0,4.5,0 atende;
2312500,Fabricação de embalagens de vidro,II,0,4.5,0 atende;
2319200,Fabricação de artigos de vidro,II,0,4.5,0 atende;
2320600,Fabricação de cimento,II,0,4.5,0 atende;
2330301,Fabricação de estruturas pré-moldadas de concreto armado, em série e sob encomenda,II,0,4.5,0 atende;
2330302,Fabricação de artefatos de cimento para uso na construção,II,0,4.5,0 atende;
2330303,Fabricação de artefatos de fibrocimento para uso na construção,II,0,4.5,0 atende;
2330304,Fabricação de casas pré-moldadas de concreto,II,0,4.5,0 atende;
2330305,Preparação de massa de concreto e argamassa para construção,II,0,4.5,0 atende;
2330399,Fabricação de outros artefatos e produtos de concreto, cimento, fibrocimento, gesso e materiais semelhantes,II,0,4.5,0 atende;
2341900,Fabricação de produtos cerâmicos refratários,II,0,4.5,0 atende;
2342701,Fabricação de azulejos e pisos,II,0,4.5,0 atende;
2342702,Fabricação de artefatos de cerâmica e barro cozido para uso na construção, exceto azulejos e pisos,II,0,4.5,0 atende;
2349401,Fabricação de material sanitário de cerâmica,II,0,4.5,0 atende;
2349499,Fabricação de produtos cerâmicos não-refratários não especificados anteriormente,II,0,4.5,0 atende;
2391501,Britamento de pedras, exceto associado à extração,II,0,4.5,0 atende;
2391502,Aparelhamento de pedras para construção, exceto associado à extração,II,0,4.5,0 atende;
2391503,Aparelhamento de placas e execução de trabalhos em mármore, granito, ardósia e outras pedras,II,0,4.5,0 atende;
2392300,Fabricação de cal e gesso,II,0,4.5,0 atende;
2399101,Decoração, lapidação, gravação, vitrificação e outros trabalhos em cerâmica, louça, vidro e cristal,II,0,4.5,0 atende;
2399102,Fabricação de abrasivos,II,0,4.5,0 atende;
2399199,Fabricação de outros produtos de minerais não-metálicos não especificados anteriormente,II,0,4.5,0 atende;
2411300,Produção de ferro-gusa,II,0,4.5,0 atende;
2412100,Produção de ferroligas,II,0,4.5,0 atende;
2421100,Produção de semi-acabados de aço,II,0,4.5,0 atende;
2422901,Produção de laminados planos de aço ao carbono, revestidos ou não,II,0,4.5,0 atende;
2422902,Produção de laminados planos de aços especiais,II,0,4.5,0 atende;
2423701,Produção de tubos de aço sem costura,II,0,4.5,0 atende;
2423702,Produção de laminados longos de aço, exceto tubos,II,0,4.5,0 atende;
2424501,Produção de arames de aço,II,0,4.5,0 atende;
2424502,Produção de relaminados, trefilados e perfilados de aço, exceto arames,II,0,4.5,0 atende;
2431800,Produção de tubos de aço com costura,II,0,4.5,0 atende;
2439300,Produção de outros tubos de ferro e aço,II,0,4.5,0 atende;
2441501,Produção de alumínio e suas ligas em formas primárias,II,0,4.5,0 atende;
2441502,Produção de laminados de alumínio,II,0,4.5,0 atende;
2442300,Metalurgia dos metais preciosos,II,0,4.5,0 atende;
2443100,Metalurgia do cobre,II,0,4.5,0 atende;
2449101,Produção de zinco em formas primárias,II,0,4.5,0 atende;
2449102,Produção de laminados de zinco,II,0,4.5,0 atende;
2449103,Produção de ânodos para galvanoplastia,II,0,4.5,0 atende;
2449199,Metalurgia de outros metais não-ferrosos e suas ligas não especificados anteriormente,II,0,4.5,0 atende;
2451200,Fundição de ferro e aço,II,0,4.5,0 atende;
2452100,Fundição de metais não-ferrosos e suas ligas,II,0,4.5,0 atende;
2511000,Fabricação de estruturas metálicas,II,0,4.5,0 atende;
2512800,Fabricação de esquadrias de metal,II,0,4.5,0 atende;
2513600,Fabricação de obras de caldeiraria pesada,II,0,4.5,0 atende;
2521700,Fabricação de tanques, reservatórios metálicos e caldeiras para aquecimento central,II,0,4.5,0 atende;
2522500,Fabricação de caldeiras geradoras de vapor, exceto para aquecimento central e para veículos,II,0,4.5,0 atende;
2531401,Produção de forjados de aço,II,0,4.5,0 atende;
2531402,Produção de forjados de metais não-ferrosos e suas ligas,II,0,4.5,0 atende;
2532201,Produção de artefatos estampados de metal,II,0,4.5,0 atende;
2532202,Metalurgia do pó,II,0,4.5,0 atende;
2539001,Serviços de usinagem, tornearia e solda,III,0,6,0 atende;
2539002,Serviços de tratamento e revestimento em metais,III,0,6,0 atende;
2541100,Fabricação de artigos de cutelaria,II,0,4.5,0 atende;
2542000,Fabricação de artigos de serralheria, exceto esquadrias,II,0,4.5,0 atende;
2543800,Fabricação de ferramentas,II,0,4.5,0 atende;
2591800,Fabricação de embalagens metálicas,II,0,4.5,0 atende;
2592601,Fabricação de produtos de trefilados de metal padronizados,II,0,4.5,0 atende;
2592602,Fabricação de produtos de trefilados de metal, exceto padronizados,II,0,4.5,0 atende;
2593400,Fabricação de artigos de metal para uso doméstico e pessoal,II,0,4.5,0 atende;
2599301,Serviços de confecção de armações metálicas para a construção,II,0,4.5,0 atende;
2599302,Serviço de corte e dobra de metais,III,0,6,0 atende;
2599399,Fabricação de outros produtos de metal não especificados anteriormente,II,0,4.5,0 atende;
2610800,Fabricação de componentes eletrônicos,II,0,4.5,0 atende;
2621300,Fabricação de equipamentos de informática,II,0,4.5,0 atende;
2622100,Fabricação de periféricos para equipamentos de informática,II,0,4.5,0 atende;
2631100,Fabricação de equipamentos transmissores de comunicação, peças e acessórios,II,0,4.5,0 atende;
2632900,Fabricação de aparelhos telefônicos e de outros equipamentos de comunicação, peças e acessórios,II,0,4.5,0 atende;
2640000,Fabricação de aparelhos de recepção, reprodução, gravação e amplificação de áudio e vídeo,II,0,4.5,0 atende;
2651500,Fabricação de aparelhos e equipamentos de medida, teste e controle,II,0,4.5,0 atende;
2652300,Fabricação de cronômetros e relógios,II,0,4.5,0 atende;
2660400,Fabricação de aparelhos eletromédicos e eletroterapêuticos e equipamentos de irradiação,II,0,4.5,0 atende;
2670101,Fabricação de equipamentos e instrumentos ópticos, peças e acessórios,II,0,4.5,0 atende;
2670102,Fabricação de aparelhos fotográficos e cinematográficos, peças e acessórios,II,0,4.5,0 atende;
2680900,Fabricação de mídias virgens, magnéticas e ópticas,II,0,4.5,0 atende;
2710401,Fabricação de geradores de corrente contínua e alternada, peças e acessórios,II,0,4.5,0 atende;
2710402,Fabricação de transformadores, indutores, conversores, sincronizadores e semelhantes, peças e acessórios,II,0,4.5,0 atende;
2710403,Fabricação de motores elétricos, peças e acessórios,II,0,4.5,0 atende;
2721000,Fabricação de pilhas, baterias e acumuladores elétricos, exceto para veículos automotores,II,0,4.5,0 atende;
2722801,Fabricação de baterias e acumuladores para veículos automotores,II,0,4.5,0 atende;
2722802,Recondicionamento de baterias e acumuladores para veículos automotores,II,0,4.5,0 atende;
2731700,Fabricação de aparelhos e equipamentos para distribuição e controle de energia elétrica,II,0,4.5,0 atende;
2732500,Fabricação de material elétrico para instalações em circuito de consumo,II,0,4.5,0 atende;
2733300,Fabricação de fios, cabos e condutores elétricos isolados,II,0,4.5,0 atende;
2740601,Fabricação de lâmpadas,II,0,4.5,0 atende;
2740602,Fabricação de luminárias e outros equipamentos de iluminação,II,0,4.5,0 atende;
2751100,Fabricação de fogões, refrigeradores e máquinas de lavar e secar para uso doméstico, peças e acessórios,II,0,4.5,0 atende;
2759701,Fabricação de aparelhos elétricos de uso pessoal, peças e acessórios,II,0,4.5,0 atende;
2759799,Fabricação de outros aparelhos eletrodomésticos não especificados anteriormente, peças e acessórios,II,0,4.5,0 atende;
2790201,Fabricação de eletrodos, contatos e outros artigos de carvão e grafita para uso elétrico, eletroímãs e isoladores,II,0,4.5,0 atende;
2790202,Fabricação de equipamentos para sinalização e alarme,II,0,4.5,0 atende;
2790299,Fabricação de outros equipamentos e aparelhos elétricos não especificados anteriormente,II,0,4.5,0 atende;
2811900,Fabricação de motores e turbinas, peças e acessórios, exceto para aviões e veículos rodoviários,II,0,4.5,0 atende;
2812700,Fabricação de equipamentos hidráulicos e pneumáticos, peças e acessórios, exceto válvulas,II,0,4.5,0 atende;
2813500,Fabricação de válvulas, registros e dispositivos semelhantes, peças e acessórios,II,0,4.5,0 atende;
2814301,Fabricação de compressores para uso industrial, peças e acessórios,II,0,4.5,0 atende;
2814302,Fabricação de compressores para uso não-industrial, peças e acessórios,II,0,4.5,0 atende;
2815101,Fabricação de rolamentos para fins industriais,II,0,4.5,0 atende;
2815102,Fabricação de equipamentos de transmissão para fins industriais, exceto rolamentos,II,0,4.5,0 atende;
2821601,Fabricação de fornos industriais, aparelhos e equipamentos não-elétricos para instalações térmicas, peças e acessórios,II,0,4.5,0 atende;
2821602,Fabricação de estufas e fornos elétricos para fins industriais, peças e acessórios,II,0,4.5,0 atende;
2822401,Fabricação de máquinas, equipamentos e aparelhos para transporte e elevação de pessoas, peças e acessórios,II,0,4.5,0 atende;
2822402,Fabricação de máquinas, equipamentos e aparelhos para transporte e elevação de cargas, peças e acessórios,II,0,4.5,0 atende;
2823200,Fabricação de máquinas e aparelhos de refrigeração e ventilação para uso industrial e comercial, peças e acessórios,II,0,4.5,0 atende;
2824101,Fabricação de aparelhos e equipamentos de ar condicionado para uso industrial,II,0,4.5,0 atende;
2824102,Fabricação de aparelhos e equipamentos de ar condicionado para uso não-industrial,II,0,4.5,0 atende;
2825900,Fabricação de máquinas e equipamentos para saneamento básico e ambiental, peças e acessórios,II,0,4.5,0 atende;
2829101,Fabricação de máquinas de escrever, calcular e outros equipamentos não-eletrônicos para escritório, peças e acessórios,II,0,4.5,0 atende;
2829199,Fabricação de outras máquinas e equipamentos de uso geral não especificados anteriormente, peças e acessórios,II,0,4.5,0 atende;
2831300,Fabricação de tratores agrícolas, peças e acessórios,II,0,4.5,0 atende;
2832100,Fabricação de equipamentos para irrigação agrícola, peças e acessórios,II,0,4.5,0 atende;
2833000,Fabricação de máquinas e equipamentos para a agricultura e pecuária, peças e acessórios, exceto para irrigação,II,0,4.5,0 atende;
2840200,Fabricação de máquinas-ferramenta, peças e acessórios,II,0,4.5,0 atende;
2851800,Fabricação de máquinas e equipamentos para a prospecção e extração de petróleo, peças e acessórios,II,0,4.5,0 atende;
2852600,Fabricação de outras máquinas e equipamentos para uso na extração mineral, peças e acessórios, exceto na extração de petróleo,II,0,4.5,0 atende;
2853400,Fabricação de tratores, peças e acessórios, exceto agrícolas,II,0,4.5,0 atende;
2854200,Fabricação de máquinas e equipamentos para terraplenagem, pavimentação e construção, peças e acessórios, exceto tratores,II,0,4.5,0 atende;
2861500,Fabricação de máquinas para a indústria metalúrgica, peças e acessórios, exceto máquinas-ferramenta,II,0,4.5,0 atende;
2862300,Fabricação de máquinas e equipamentos para as indústrias de alimentos, bebidas e fumo, peças e acessórios,II,0,4.5,0 atende;
2863100,Fabricação de máquinas e equipamentos para a indústria têxtil, peças e acessórios,II,0,4.5,0 atende;
2864000,Fabricação de máquinas e equipamentos para as indústrias do vestuário, do couro e de calçados, peças e acessórios,II,0,4.5,0 atende;
2865800,Fabricação de máquinas e equipamentos para as indústrias de celulose, papel e papelão e artefatos, peças e acessórios,II,0,4.5,0 atende;
2866600,Fabricação de máquinas e equipamentos para a indústria do plástico, peças e acessórios,II,0,4.5,0 atende;
2869100,Fabricação de máquinas e equipamentos para uso industrial específico não especificados anteriormente, peças e acessórios,II,0,4.5,0 atende;
2910702,Fabricação de chassis com motor para automóveis, camionetas e utilitários,II,0,4.5,0 atende;
2910703,Fabricação de motores para automóveis, camionetas e utilitários,II,0,4.5,0 atende;
2920401,Fabricação de caminhões e ônibus,II,0,4.5,0 atende;
2920402,Fabricação de motores para caminhões e ônibus,II,0,4.5,0 atende;
2930101,Fabricação de cabines, carrocerias e reboques para caminhões,II,0,4.5,0 atende;
2930102,Fabricação de carrocerias para ônibus,II,0,4.5,0 atende;
2930103,Fabricação de cabines, carrocerias e reboques para outros veículos automotores, exceto caminhões e ônibus,II,0,4.5,0 atende;
2941700,Fabricação de peças e acessórios para o sistema motor de veículos automotores,II,0,4.5,0 atende;
2942500,Fabricação de peças e acessórios para os sistemas de marcha e transmissão de veículos automotores,II,0,4.5,0 atende;
2943300,Fabricação de peças e acessórios para o sistema de freios de veículos automotores,II,0,4.5,0 atende;
2944100,Fabricação de peças e acessórios para o sistema de direção e suspensão de veículos automotores,II,0,4.5,0 atende;
2945000,Fabricação de material elétrico e eletrônico para veículos automotores, exceto baterias,II,0,4.5,0 atende;
2949201,Fabricação de bancos e estofados para veículos automotores,II,0,4.5,0 atende;
2949299,Fabricação de outras peças e acessórios para veículos automotores não especificadas anteriormente,II,0,4.5,0 atende;
2950600,Recondicionamento e recuperação de motores para veículos automotores,III,0,6,0 atende;
3011301,Construção de embarcações de grande porte,II,0,4.5,0 atende;
3011302,Construção de embarcações para uso comercial e para usos especiais, exceto de grande porte,II,0,4.5,0 atende;
3012100,Construção de embarcações para esporte e lazer,II,0,4.5,0 atende;
3031800,Fabricação de locomotivas, vagões e outros materiais rodantes,II,0,4.5,0 atende;
3032600,Fabricação de peças e acessórios para veículos ferroviários,II,0,4.5,0 atende;
3041500,Fabricação de aeronaves,II,0,4.5,0 atende;
3042300,Fabricação de turbinas, motores e outros componentes e peças para aeronaves,II,0,4.5,0 atende;
3050400,Fabricação de veículos militares de combate,II,0,4.5,0 atende;
3091102,Fabricação de peças e acessórios para motocicletas,II,0,4.5,0 atende;
3092000,Fabricação de bicicletas e triciclos não-motorizados, peças e acessórios,II,0,4.5,0 atende;
3099700,Fabricação de equipamentos de transporte não especificados anteriormente,II,0,4.5,0 atende;
3101200,Fabricação de móveis com predominância de madeira,II,0,4.5,0 atende;
3102100,Fabricação de móveis com predominância de metal,II,0,4.5,0 atende;
3103900,Fabricação de móveis de outros materiais, exceto madeira e metal,II,0,4.5,0 atende;
3104700,Fabricação de colchões,II,0,4.5,0 atende;
3211601,Lapidação de gemas,II,0,4.5,0 atende;
3211602,Fabricação de artefatos de joalheria e ourivesaria,II,0,4.5,0 atende;
3211603,Cunhagem de moedas e medalhas,II,0,4.5,0 atende;
3212400,Fabricação de bijuterias e artefatos semelhantes,II,0,4.5,0 atende;
3220500,Fabricação de instrumentos musicais, peças e acessórios,II,0,4.5,0 atende;
3230200,Fabricação de artefatos para pesca e esporte,II,0,4.5,0 atende;
3240001,Fabricação de jogos eletrônicos,II,0,4.5,0 atende;
3240002,Fabricação de mesas de bilhar, de sinuca e acessórios não associada à locação,II,0,4.5,0 atende;
3240003,Fabricação de mesas de bilhar, de sinuca e acessórios associada à locação,II,0,4.5,0 atende;
3240099,Fabricação de outros brinquedos e jogos recreativos não especificados anteriormente,II,0,4.5,0 atende;
3250701,Fabricação de instrumentos não-eletrônicos e utensílios para uso médico, cirúrgico, odontológico e de laboratório,II,0,4.5,0 atende;
3250702,Fabricação de mobiliário para uso médico, cirúrgico, odontológico e de laboratório,II,0,4.5,0 atende;
3250703,Fabricação de aparelhos e utensílios para correção de defeitos físicos e aparelhos ortopédicos em geral sob encomenda,II,0,4.5,0 atende;
3250704,Fabricação de aparelhos e utensílios para correção de defeitos físicos e aparelhos ortopédicos em geral, exceto sob encomenda,II,0,4.5,0 atende;
3250705,Fabricação de materiais para medicina e odontologia,II,0,4.5,0 atende;
3250707,Fabricação de artigos ópticos,II,0,4.5,0 atende;
3291400,Fabricação de escovas, pincéis e vassouras,II,0,4.5,0 atende;
3292201,Fabricação de roupas de proteção e segurança e resistentes a fogo,II,0,4.5,0 atende;
3292202,Fabricação de equipamentos e acessórios para segurança pessoal e profissional,II,0,4.5,0 atende;
3299001,Fabricação de guarda-chuvas e similares,II,0,4.5,0 atende;
3299002,Fabricação de canetas, lápis e outros artigos para escritório,II,0,4.5,0 atende;
3299003,Fabricação de letras, letreiros e placas de qualquer material, exceto luminosos,II,0,4.5,0 atende;
3299004,Fabricação de painéis e letreiros luminosos,II,0,4.5,0 atende;
3299005,Fabricação de aviamentos para costura,II,0,4.5,0 atende;
3299006,Fabricação de velas, inclusive decorativas,II,0,4.5,0 atende;
3299099,Fabricação de produtos diversos não especificados anteriormente,II,0,4.5,0 atende;
3311200,Manutenção e reparação de tanques, reservatórios metálicos e caldeiras, exceto para veículos,III,0,6,0 atende;
3312102,Manutenção e reparação de aparelhos e instrumentos de medida, teste e controle,III,0,6,0 atende;
3312103,Manutenção e reparação de aparelhos eletromédicos e eletroterapêuticos e equipamentos de irradiação,III,0,6,0 atende;
3312104,Manutenção e reparação de equipamentos e instrumentos ópticos,III,0,6,0 atende;
3313901,Manutenção e reparação de geradores, transformadores e motores elétricos,III,0,6,0 atende;
3313902,Manutenção e reparação de baterias e acumuladores elétricos, exceto para veículos,III,0,6,0 atende;
3313999,Manutenção e reparação de máquinas, aparelhos e materiais elétricos não especificados anteriormente,III,0,6,0 atende;
3314701,Manutenção e reparação de máquinas motrizes não-elétricas,III,0,6,0 atende;
3314702,Manutenção e reparação de equipamentos hidráulicos e pneumáticos, exceto válvulas,III,0,6,0 atende;
3314703,Manutenção e reparação de válvulas industriais,III,0,6,0 atende;
3314704,Manutenção e reparação de compressores,III,0,6,0 atende;
3314705,Manutenção e reparação de equipamentos de transmissão para fins industriais,III,0,6,0 atende;
3314706,Manutenção e reparação de máquinas, aparelhos e equipamentos para instalações térmicas,III,0,6,0 atende;
3314707,Manutenção e reparação de máquinas e aparelhos de refrigeração e ventilação para uso industrial e comercial,III,0,6,0 atende;
3314708,Manutenção e reparação de máquinas, equipamentos e aparelhos para transporte e elevação de cargas,III,0,6,0 atende;
3314709,Manutenção e reparação de máquinas de escrever, calcular e de outros equipamentos não-eletrônicos para escritório,III,0,6,0 atende;
3314710,Manutenção e reparação de máquinas e equipamentos para uso geral não especificados anteriormente,III,0,6,0 atende;
3314711,Manutenção e reparação de máquinas e equipamentos para agricultura e pecuária,III,0,6,0 atende;
3314712,Manutenção e reparação de tratores agrícolas,III,0,6,0 atende;
3314713,Manutenção e reparação de máquinas-ferramenta,III,0,6,0 atende;
3314714,Manutenção e reparação de máquinas e equipamentos para a prospecção e extração de petróleo,III,0,6,0 atende;
3314715,Manutenção e reparação de máquinas e equipamentos para uso na extração mineral, exceto na extração de petróleo,III,0,6,0 atende;
3314716,Manutenção e reparação de tratores, exceto agrícolas,III,0,6,0 atende;
3314717,Manutenção e reparação de máquinas e equipamentos de terraplenagem, pavimentação e construção, exceto tratores,III,0,6,0 atende;
3314718,Manutenção e reparação de máquinas para a indústria metalúrgica, exceto máquinas-ferramenta,III,0,6,0 atende;
3314719,Manutenção e reparação de máquinas e equipamentos para as indústrias de alimentos, bebidas e fumo,III,0,6,0 atende;
3314720,Manutenção e reparação de máquinas e equipamentos para a indústria têxtil, do vestuário, do couro e calçados,III,0,6,0 atende;
3314721,Manutenção e reparação de máquinas e aparelhos para a indústria de celulose, papel e papelão e artefatos,III,0,6,0 atende;
3314722,Manutenção e reparação de máquinas e aparelhos para a indústria do plástico,III,0,6,0 atende;
3314799,Manutenção e reparação de outras máquinas e equipamentos para usos industriais não especificados anteriormente,III,0,6,0 atende;
3315500,Manutenção e reparação de veículos ferroviários,III,0,6,0 atende;
3316301,Manutenção e reparação de aeronaves, exceto a manutenção na pista,III,0,6,0 atende;
3316302,Manutenção de aeronaves na pista,III,0,6,0 atende;
3317101,Manutenção e reparação de embarcações e estruturas flutuantes,III,0,6,0 atende;
3317102,Manutenção e reparação de embarcações para esporte e lazer,III,0,6,0 atende;
3319800,Manutenção e reparação de equipamentos e produtos não especificados anteriormente,III,0,6,0 atende;
3321000,Instalação de máquinas e equipamentos industriais,III,0,6,0 atende;
3329501,Serviços de montagem de móveis de qualquer material,III,0,6,0 atende;
3329599,Instalação de outros equipamentos não especificados anteriormente,III,0,6,0 atende;
3520401,Produção de gás processamento de gás natural,II,0,4.5,0 atende;
3520402,Distribuição de combustíveis gasosos por redes urbanas,I,0,4,0 atende;
3530100,Produção e distribuição de vapor, água quente e ar condicionado,II,0,4.5,0 atende;
3600601,Captação, tratamento e distribuição de água,I,0,4,0 atende;
3600602,Distribuição de água por caminhões,I,0,4,0 atende;
3701100,Gestão de redes de esgoto,III,0,6,0 atende;
3702900,Atividades relacionadas a esgoto, exceto a gestão de redes,IV,0,4.5,0 atende;
3811400,Coleta de resíduos não-perigosos,III,0,6,0 atende;
3812200,Coleta de resíduos perigosos,III,0,6,0 atende;
3821100,Tratamento e disposição de resíduos não perigosos,III,0,6,0 atende;
3822000,Tratamento e disposição de resíduos perigosos,III,0,6,0 atende;
3831901,Recuperação de sucatas de alumínio,II,0,4.5,0 atende;
3831999,Recuperação de materiais metálicos, exceto alumínio,II,0,4.5,0 atende;
3832700,Recuperação de materiais plásticos,II,0,4.5,0 atende;
3839401,Usinas de compostagem,II,0,4.5,0 atende;
3839499,Recuperação de materiais não especificados anteriormente,II,0,4.5,0 atende;
3900500,Descontaminação e outros serviços de gestão de resíduos,III,0,6,0 atende;
4120400,Construção de edifícios,IV,0,4.5,0 atende;
4211101,Construção de rodovias e ferrovias,IV,0,4.5,0 atende;
4211102,Pintura para sinalização em pistas rodoviárias e aeroportos,III,0,6,0 atende;
4212000,Construção de obras-de-arte especiais,III,0,6,0 atende;
4213800,Obras de urbanização – ruas, praças e calçadas,IV,0,4.5,0 atende;
4221901,Construção de barragens e represas para geração de energia elétrica,IV,0,4.5,0 atende;
4221902,Construção de estações e redes de distribuição de energia elétrica,IV,0,4.5,0 atende;
4221903,Manutenção de redes de distribuição de energia elétrica,III,0,6,0 atende;
4221904,Construção de estações e redes de telecomunicações,IV,0,4.5,0 atende;
4221905,Manutenção de estações e redes de telecomunicações,III,0,6,0 atende;
4222701,Construção de redes de abastecimento de água, coleta de esgoto e construções correlatas, exceto obras de irrigação,IV,0,4.5,0 atende;
4222702,Obras de irrigação,IV,0,4.5,0 atende;
4223500,Construção de redes de transportes por dutos, exceto para água e esgoto,IV,0,4.5,0 atende;
4291000,Obras portuárias, marítimas e fluviais,IV,0,4.5,0 atende;
4292801,Montagem de estruturas metálicas,IV,0,4.5,0 atende;
4292802,Obras de montagem industrial,IV,0,4.5,0 atende;
4299501,Construção de instalações esportivas e recreativas,IV,0,4.5,0 atende;
4299599,Outras obras de engenharia civil não especificadas anteriormente,IV,0,4.5,0 atende;
4311801,Demolição de edifícios e outras estruturas,IV,0,4.5,0 atende;
4311802,Preparação de canteiro e limpeza de terreno,IV,0,4.5,0 atende;
4312600,Perfurações e sondagens,IV,0,4.5,0 atende;
4313400,Obras de terraplenagem,IV,0,4.5,0 atende;
4319300,Serviços de preparação do terreno não especificados anteriormente,IV,0,4.5,0 atende;
4321500,Instalação e manutenção elétrica,IV,0,4.5,0 atende;
4322301,Instalações hidráulicas, sanitárias e de gás,IV,0,4.5,0 atende;
4322302,Instalação e manutenção de sistemas centrais de ar condicionado, de ventilação e refrigeração,III,0,6,0 atende;
4322303,Instalações de sistema de prevenção contra incêndio,III,0,6,0 atende;
4329101,Instalação de painéis publicitários,III,0,6,0 atende;
4329102,Instalação de equipamentos para orientação à navegação marítima, fluvial e lacustre,III,0,6,0 atende;
4329103,Instalação, manutenção e reparação de elevadores, escadas e esteiras rolantes,III,0,6,0 atende;
4329104,Montagem e instalação de sistemas e equipamentos de iluminação e sinalização em vias públicas, portos e aeroportos,III,0,6,0 atende;
4329105,Tratamentos térmicos, acústicos ou de vibração,III,0,6,0 atende;
4329199,Outras obras de instalações em construções não especificadas anteriormente,III,0,6,0 atende;
4330401,Impermeabilização em obras de engenharia civil,IV,0,4.5,0 atende;
4330402,Instalação de portas, janelas, tetos, divisórias e armários embutidos de qualquer material,IV,0,4.5,0 atende;
4330403,Obras de acabamento em gesso e estuque,IV,0,4.5,0 atende;
4330404,Serviços de pintura de edifícios em geral,IV,0,4.5,0 atende;
4330405,Aplicação de revestimentos e de resinas em interiores e exteriores,IV,0,4.5,0 atende;
4330499,Outras obras de acabamento da construção,IV,0,4.5,0 atende;
4391600,Obras de fundações,IV,0,4.5,0 atende;
4399102,Montagem e desmontagem de andaimes e outras estruturas temporárias,III,0,6,0 atende;
4399103,Obras de alvenaria,IV,0,4.5,0 atende;
4399104,Serviços de operação e fornecimento de equipamentos para transporte e elevação de cargas e pessoas para uso em obras,III,0,6,0 atende;
4399105,Perfuração e construção de poços de água,IV,0,4.5,0 atende;
4399199,Serviços especializados para construção não especificados anteriormente,IV,0,4.5,0 atende;
4511101,Comércio a varejo de automóveis, camionetas e utilitários novos,I,0,4,0 atende;
4511102,Comércio a varejo de automóveis, camionetas e utilitários usados,I,0,4,0 atende;
4511103,Comércio por atacado de automóveis, camionetas e utilitários novos e usados,I,0,4,0 atende;
4511104,Comércio por atacado de caminhões novos e usados,I,0,4,0 atende;
4511105,Comércio por atacado de reboques e semi-reboques novos e usados,I,0,4,0 atende;
4511106,Comércio por atacado de ônibus e microônibus novos e usados,I,0,4,0 atende;
4512902,Comércio sob consignação de veículos automotores,I,0,4,0 atende;
4520001,Serviços de manutenção e reparação mecânica de veículos automotores,III,0,6,0 atende;
4520002,Serviços de lanternagem ou funilaria e pintura de veículos automotores,III,0,6,0 atende;
4520003,Serviços de manutenção e reparação elétrica de veículos automotores,III,0,6,0 atende;
4520004,Serviços de alinhamento e balanceamento de veículos automotores,III,0,6,0 atende;
4520005,Serviços de lavagem, lubrificação e polimento de veículos automotores,III,0,6,0 atende;
4520006,Serviços de borracharia para veículos automotores,III,0,6,0 atende;
4520007,Serviços de instalação, manutenção e reparação de acessórios para veículos automotores,III,0,6,0 atende;
4520008,Serviços de capotaria,III,0,6,0 atende;
4530701,Comércio por atacado de peças e acessórios novos para veículos automotores,I,0,4,0 atende;
4541201,Comércio por atacado de motocicletas e motonetas,I,0,4,0 atende;
4541203,Comércio a varejo de motocicletas e motonetas novas,I,0,4,0 atende;
4541204,Comércio a varejo de motocicletas e motonetas usadas,I,0,4,0 atende;
4542102,Comércio sob consignação de motocicletas e motonetas,I,0,4,0 atende;
4543900,Manutenção e reparação de motocicletas e motonetas,III,0,6,0 atende;
4621400,Comércio atacadista de café em grão,I,0,4,0 atende;
4622200,Comércio atacadista de soja,I,0,4,0 atende;
4623101,Comércio atacadista de animais vivos,I,0,4,0 atende;
4623102,Comércio atacadista de couros, lãs, peles e outros subprodutos não-comestíveis de origem animal,I,0,4,0 atende;
4623103,Comércio atacadista de algodão,I,0,4,0 atende;
4623104,Comércio atacadista de fumo em folha não beneficiado,I,0,4,0 atende;
4623105,Comércio atacadista de cacau,I,0,4,0 atende;
4623106,Comércio atacadista de sementes, flores, plantas e gramas,I,0,4,0 atende;
4623107,Comércio atacadista de sisal,I,0,4,0 atende;
4623108,Comércio atacadista de matérias-primas agrícolas com atividade de fracionamento e acondicionamento associada,I,0,4,0 atende;
4623109,Comércio atacadista de alimentos para animais,I,0,4,0 atende;
4623199,Comércio atacadista de matérias-primas agrícolas não especificadas anteriormente,I,0,4,0 atende;
4631100,Comércio atacadista de leite e laticínios,I,0,4,0 atende;
4632001,Comércio atacadista de cereais e leguminosas beneficiados,I,0,4,0 atende;
4632002,Comércio atacadista de farinhas, amidos e féculas,I,0,4,0 atende;
4632003,Comércio atacadista de cereais e leguminosas beneficiados, farinhas, amidos e féculas, com atividade de fracionamento e acondicionamento associada,I,0,4,0 atende;
4633801,Comércio atacadista de frutas, verduras, raízes, tubérculos, hortaliças e legumes frescos,I,0,4,0 atende;
4633802,Comércio atacadista de aves vivas e ovos,I,0,4,0 atende;
4633803,Comércio atacadista de coelhos e outros pequenos animais vivos para alimentação,I,0,4,0 atende;
4634601,Comércio atacadista de carnes bovinas e suínas e derivados,I,0,4,0 atende;
4634602,Comércio atacadista de aves abatidas e derivados,I,0,4,0 atende;
4634603,Comércio atacadista de pescados e frutos do mar,I,0,4,0 atende;
4634699,Comércio atacadista de carnes e derivados de outros animais,I,0,4,0 atende;
4635403,Comércio atacadista de bebidas com atividade de fracionamento e acondicionamento associada,I,0,4,0 atende;
4635499,Comércio atacadista de bebidas não especificadas anteriormente,I,0,4,0 atende;
4636201,Comércio atacadista de fumo beneficiado,I,0,4,0 atende;
4637101,Comércio atacadista de café torrado, moído e solúvel,I,0,4,0 atende;
4637102,Comércio atacadista de açúcar,I,0,4,0 atende;
4637103,Comércio atacadista de óleos e gorduras,I,0,4,0 atende;
4639702,Comércio atacadista de produtos alimentícios em geral, com atividade de fracionamento e acondicionamento associada,I,0,4,0 atende;
4644301,Comércio atacadista de medicamentos e drogas de uso humano,I,0,4,0 atende;
4644302,Comércio atacadista de medicamentos e drogas de uso veterinário,I,0,4,0 atende;
4645101,Comércio atacadista de instrumentos e materiais para uso médico, cirúrgico, hospitalar e de laboratórios,I,0,4,0 atende;
4645102,Comércio atacadista de próteses e artigos de ortopedia,I,0,4,0 atende;
4645103,Comércio atacadista de produtos odontológicos,I,0,4,0 atende;
4661300,Comércio atacadista de máquinas, aparelhos e equipamentos para uso agropecuário; partes e peças,I,0,4,0 atende
4662100,Comércio atacadista de máquinas, equipamentos para terraplenagem, mineração e construção; partes e peças,I,0,4,0 atende
4663000,Comércio atacadista de máquinas e equipamentos para uso industrial partes e peças,I,0,4,0 atende;
4664800,Comércio atacadista de máquinas, aparelhos e equipamentos para uso odonto-médico-hospitalar; partes e peças,I,0,4,0 atende
4665600,Comércio atacadista de máquinas e equipamentos para uso comercial partes e peças,I,0,4,0 atende;
4669901,Comércio atacadista de bombas e compressores partes e peças,I,0,4,0 atende;
4669999,Comércio atacadista de outras máquinas e equipamentos não especificados anteriormente partes e peças,I,0,4,0 atende;
4671100,Comércio atacadista de madeira e produtos derivados,I,0,4,0 atende;
4672900,Comércio atacadista de ferragens e ferramentas,I,0,4,0 atende;
4673700,Comércio atacadista de material elétrico,I,0,4,0 atende;
4674500,Comércio atacadista de cimento,I,0,4,0 atende;
4679601,Comércio atacadista de tintas, vernizes e similares,I,0,4,0 atende;
4679602,Comércio atacadista de mármores e granitos,I,0,4,0 atende;
4679604,Comércio atacadista especializado de materiais de construção não especificados anteriormente,I,0,4,0 atende;
4679699,Comércio atacadista de materiais de construção em geral,I,0,4,0 atende;
4681801,Comércio atacadista de álcool carburante, biodiesel, gasolina e demais derivados de petróleo, exceto lubrificantes, não realizado por transportador retalhista (TRR),I,0,4,0 atende;
4681802,Comércio atacadista de combustíveis realizado por transportador retalhista (TRR),I,0,4,0 atende;
4681803,Comércio atacadista de combustíveis de origem vegetal, exceto álcool carburante,I,0,4,0 atende;
4681804,Comércio atacadista de combustíveis de origem mineral em bruto,I,0,4,0 atende;
4681805,Comércio atacadista de lubrificantes,I,0,4,0 atende;
4682600,Comércio atacadista de gás liqüefeito de petróleo (GLP),I,0,4,0 atende;
4683400,Comércio atacadista de defensivos agrícolas, adubos, fertilizantes e corretivos do solo,I,0,4,0 atende;
4684201,Comércio atacadista de resinas e elastômeros,I,0,4,0 atende;
4684202,Comércio atacadista de solventes,I,0,4,0 atende;
4684299,Comércio atacadista de outros produtos químicos e petroquímicos não especificados anteriormente,I,0,4,0 atende;
4685100,Comércio atacadista de produtos siderúrgicos e metalúrgicos, exceto para construção,I,0,4,0 atende;
4686901,Comércio atacadista de papel e papelão em bruto,I,0,4,0 atende;
4687701,Comércio atacadista de resíduos de papel e papelão,I,0,4,0 atende;
4687702,Comércio atacadista de resíduos e sucatas não-metálicos, exceto de papel e papelão,I,0,4,0 atende;
4687703,Comércio atacadista de resíduos e sucatas metálicos,I,0,4,0 atende;
4689301,Comércio atacadista de produtos da extração mineral, exceto combustíveis,I,0,4,0 atende;
4689302,Comércio atacadista de fios e fibras beneficiados,I,0,4,0 atende;
4689399,Comércio atacadista especializado em outros produtos intermediários não especificados anteriormente,I,0,4,0 atende;
4692300,Comércio atacadista de mercadorias em geral, com predominância de insumos agropecuários,I,0,4,0 atende;
4713005,Lojas francas (duty free) de aeroportos, portos e em fronteiras terrestres,III,0,6,0 atende;
4722901,Comércio varejista de carnes – açougues,I,0,4,0 atende;
4722902,Peixaria,I,0,4,0 atende;
4729602,Comércio varejista de mercadorias em lojas de conveniência,I,0,4,0 atende;
4731800,Comércio varejista de combustíveis para veículos automotores,I,0,4,0 atende;
4732600,Comércio varejista de lubrificantes,I,0,4,0 atende;
4741500,Comércio varejista de tintas e materiais para pintura,I,0,4,0 atende;
4742300,Comércio varejista de material elétrico,I,0,4,0 atende;
4744001,Comércio varejista de ferragens e ferramentas,I,0,4,0 atende;
4744003,Comércio varejista de materiais hidráulicos,I,0,4,0 atende;
4744004,Comércio varejista de cal, areia, pedra britada, tijolos e telhas,I,0,4,0 atende;
4744005,Comércio varejista de materiais de construção não especificados anteriormente,I,0,4,0 atende;
4744006,Comércio varejista de pedras para revestimento,I,0,4,0 atende;
4744099,Comércio varejista de materiais de construção em geral,I,0,4,0 atende;
4763605,Comércio varejista de embarcações e outros veículos recreativos peças e acessórios,I,0,4,0 atende;
4771701,Comércio varejista de produtos farmacêuticos, sem manipulação de fórmulas,I,0,4,0 atende;
4771702,Comércio varejista de produtos farmacêuticos, com manipulação de fórmulas,I,0,4,0 atende;
4771703,Comércio varejista de produtos farmacêuticos homeopáticos,I,0,4,0 atende;
4771704,Comércio varejista de medicamentos veterinários,I,0,4,0 atende;
4773300,Comércio varejista de artigos médicos e ortopédicos,I,0,4,0 atende;
4783101,Comércio varejista de artigos de joalheria,I,0,4,0 atende;
4784900,Comércio varejista de gás liqüefeito de petróleo (GLP),I,0,4,0 atende;
4789004,Comércio varejista de animais vivos e de artigos e alimentos para animais de estimação,I,0,4,0 atende;
4789005,Comércio varejista de produtos saneantes domissanitários,I,0,4,0 atende;
4789006,Comércio varejista de fogos de artifício e artigos pirotécnicos,I,0,4,0 atende;
4789009,Comércio varejista de armas e munições,I,0,4,0 atende;
4911600,Transporte ferroviário de carga,III,0,6,0 atende;
4912402,Transporte ferroviário de passageiros municipal e em região metropolitana,III,0,6,0 atende;
4912403,Transporte metroviário,III,0,6,0 atende;
4921301,Transporte rodoviário coletivo de passageiros, com itinerário fixo, municipal,III,0,6,0 atende;
4921302,Transporte rodoviário coletivo de passageiros, com itinerário fixo, intermunicipal em região metropolitana,III,0,6,0 atende;
4922103,Transporte rodoviário coletivo de passageiros, com itinerário fixo, internacional,III,0,6,0 atende;
4923001,Serviço de táxi,III,0,6,0 atende;
4923002,Serviço de transporte de passageiros – locação de automóveis com motorista,III,0,6,0 atende;
4924800,Transporte escolar,III,0,6,0 atende;
4929901,Transporte rodoviário coletivo de passageiros, sob regime de fretamento, municipal,III,0,6,0 atende;
4929902,Transporte rodoviário coletivo de passageiros, sob regime de fretamento, intermunicipal, interestadual e internacional,III,0,6,0 atende;
4929903,Organização de excursões em veículos rodoviários próprios, municipal,III,0,6,0 atende;
4929904,Organização de excursões em veículos rodoviários próprios, intermunicipal, interestadual e internacional,III,0,6,0 atende;
4930201,Transporte rodoviário de carga, exceto produtos perigosos e mudanças, municipal,III,0,6,0 atende;
4930202,Transporte rodoviário de carga, exceto produtos perigosos e mudanças, intermunicipal, interestadual e internacional,III,0,6,0 atende;
4930203,Transporte rodoviário de produtos perigosos,III,0,6,0 atende;
4930204,Transporte rodoviário de mudanças,III,0,6,0 atende;
4940000,Transporte dutoviário,III,0,6,0 atende;
4950700,Trens turísticos, teleféricos e similares,III,0,6,0 atende;
5011401,Transporte marítimo de cabotagem – Carga,III,0,6,0 atende;
5011402,Transporte marítimo de cabotagem - passageiros,III,0,6,0 atende;
5012201,Transporte marítimo de longo curso – Carga,III,0,6,0 atende;
5012202,Transporte marítimo de longo curso – Passageiros,III,0,6,0 atende;
5021101,Transporte por navegação interior de carga, municipal, exceto travessia,III,0,6,0 atende;
5021102,Transporte por navegação interior de carga, intermunicipal, interestadual e internacional, exceto travessia,III,0,6,0 atende;
5022001,Transporte por navegação interior de passageiros em linhas regulares, municipal, exceto travessia,III,0,6,0 atende;
5022002,Transporte por navegação interior de passageiros em linhas regulares, intermunicipal, interestadual e internacional, exceto travessia,III,0,6,0 atende;
5030101,Navegação de apoio marítimo,III,0,6,0 atende;
5030102,Navegação de apoio portuário,III,0,6,0 atende;
5030103,Serviço de rebocadores e empurradores,III,0,6,0 atende;
5091201,Transporte por navegação de travessia, municipal,III,0,6,0 atende;
5091202,Transporte por navegação de travessia intermunicipal, interestadual e internacional,III,0,6,0 atende;
5099801,Transporte aquaviário para passeios turísticos,III,0,6,0 atende;
5099899,Outros transportes aquaviários não especificados anteriormente,III,0,6,0 atende;
5111100,Transporte aéreo de passageiros regular,III,0,6,0 atende;
5112901,Serviço de táxi aéreo e locação de aeronaves com tripulação,III,0,6,0 atende;
5112999,Outros serviços de transporte aéreo de passageiros não-regular,III,0,6,0 atende;
5120000,Transporte aéreo de carga,III,0,6,0 atende;
5130700,Transporte espacial,III,0,6,0 atende;
5211701,Armazéns gerais – emissão de warrant,III,0,6,0 atende;
5211702,Guarda-móveis,III,0,6,0 atende;
5211799,Depósitos de mercadorias para terceiros, exceto armazéns gerais e guarda-móveis,III,0,6,0 atende;
5212500,Carga e descarga,III,0,6,0 atende;
5221400,Concessionárias de rodovias, pontes, túneis e serviços relacionados,III,0,6,0 atende;
5222200,Terminais rodoviários e ferroviários,III,0,6,0 atende;
5223100,Estacionamento de veículos,III,0,6,0 atende;
5229001,Serviços de apoio ao transporte por táxi, inclusive centrais de chamada,III,0,6,0 atende;
5229002,Serviços de reboque de veículos,III,0,6,0 atende;
5229099,Outras atividades auxiliares dos transportes terrestres não especificadas anteriormente,III,0,6,0 atende;
5231101,Administração da infraestrutura portuária,III,0,6,0 atende;
5231102,Atividades do Operador Portuário,III,0,6,0 atende;
5231103,Gestão de terminais aquaviários,III,0,6,0 atende;
5232000,Atividades de agenciamento marítimo,III,0,6,0 atende;
5239701,Serviços de praticagem,III,0,6,0 atende;
5239799,Atividades auxiliares dos transportes aquaviários não especificadas anteriormente,III,0,6,0 atende;
5240101,Operação dos aeroportos e campos de aterrissagem,III,0,6,0 atende;
5240199,Atividades auxiliares dos transportes aéreos, exceto operação dos aeroportos e campos de aterrissagem,III,0,6,0 atende;
5250801,Comissaria de despachos,III,0,6,0 atende;
5250802,Atividades de despachantes aduaneiros,III,0,6,0 atende;
5250803,Agenciamento de cargas, exceto para o transporte marítimo,III,0,6,0 atende;
5250804,Organização logística do transporte de carga,III,0,6,0 atende;
5250805,Operador de transporte multimodal - otm,III,0,6,0 atende;
5310502,Atividades de franqueadas e permissionárias do Correio Nacional,III,0,6,0 atende;
5320201,Serviços de malote não realizados pelo Correio Nacional,III,0,6,0 atende;
5320202,Serviços de entrega rápida,III,0,6,0 atende;
5510801,Hotéis,III,0,6,0 atende;
5510802,Apart-hotéis,III,0,6,0 atende;
5510803,Motéis,III,0,6,0 atende;
5590601,Albergues, exceto assistenciais,III,0,6,0 atende;
5590602,Campings,III,0,6,0 atende;
5590603,Pensões (alojamento),III,0,6,0 atende;
5590699,Outros alojamentos não especificados anteriormente,III,0,6,0 atende;
5611205,Bares e outros estabelecimentos especializados em servir bebidas, com entretenimento,I,0,4,0 atende;
5612100,Serviços ambulantes de alimentação,I,0,4,0 atende;
5620102,Serviços de alimentação para eventos e recepções – bufê,III,0,6,0 atende;
5620102,Serviços de alimentação para eventos e recepções – bufê,I,0,4,0 atende;
5811500,Edição de livros,III,0,6,0 atende;
5812301,Edição de jornais diários,III,0,6,0 atende;
5812302,Edição de jornais não diários,III,0,6,0 atende;
5813100,Edição de revistas,III,0,6,0 atende;
5819100,Edição de cadastros, listas e outros produtos gráficos,III,0,6,0 atende;
5821200,Edição integrada à impressão de livros,III,0,6,0 atende;
5822101,Edição integrada à impressão de jornais diários,III,0,6,0 atende;
5822102,Edição integrada à impressão de jornais não diários,III,0,6,0 atende;
5823900,Edição integrada à impressão de revistas,III,0,6,0 atende;
5829800,Edição integrada à impressão de cadastros, listas e outros produtos gráficos,III,0,6,0 atende;
6010100,Atividades de rádio,III,0,6,0 atende;
6021700,Atividades de televisão aberta,III,0,6,0 atende;
6022501,Programadoras,III,0,6,0 atende;
6022502,Atividades relacionadas à televisão por assinatura, exceto programadoras,III,0,6,0 atende;
6110801,Serviços de telefonia fixa comutada – STFC,III,0,6,0 atende;
6110802,Serviços de redes de transporte de telecomunicações – SRTT,III,0,6,0 atende;
6110803,Serviços de comunicação multimídia – SCM,III,0,6,0 atende;
6110899,Serviços de telecomunicações por fio não especificados anteriormente,III,0,6,0 atende;
6120501,Telefonia móvel celular,III,0,6,0 atende;
6120502,Serviço móvel especializado – SME,III,0,6,0 atende;
6120599,Serviços de telecomunicações sem fio não especificados anteriormente,III,0,6,0 atende;
6130200,Telecomunicações por satélite,III,0,6,0 atende;
6141800,Operadoras de televisão por assinatura por cabo,III,0,6,0 atende;
6142600,Operadoras de televisão por assinatura por microondas,III,0,6,0 atende;
6143400,Operadoras de televisão por assinatura por satélite,III,0,6,0 atende;
6190601,Provedores de acesso às redes de comunicações,III,0,6,0 atende;
6190602,Provedores de voz sobre protocolo internet – VOIP,III,0,6,0 atende;
6190699,Outras atividades de telecomunicações não especificadas anteriormente,III,0,6,0 atende;
6493000,Administração de consórcios para aquisição de bens e direitos,III,0,6,0 atende;
6550200,Planos de saúde,III,0,6,0 atende;
6613400,Administração de cartões de crédito,III,0,6,0 atende;
6619305,Operadoras de cartões de débito,III,0,6,0 atende;
6619399,Outras atividades auxiliares dos serviços financeiros não especificadas anteriormente,III,0,6,0 atende;
6630400,Atividades de administração de fundos por contrato ou comissão,III,0,6,0 atende;
6810201,Compra e venda de imóveis próprios,I,0,4,0 atende;
6822600,Gestão e administração da propriedade imobiliária,V,1,15.5,0 atende;
6822600,Gestão e administração da propriedade imobiliária,III,1,6,0 atende;
6920601,Atividades de contabilidade,III,0,6,0 atende;
6920602,Atividades de consultoria e auditoria contábil e tributária,V,1,15.5,0 atende;
7711000,Locação de automóveis sem condutor,III,0,6,0 atende;
7719501,Locação de embarcações sem tripulação, exceto para fins recreativos,III,0,6,0 atende;
7719502,Locação de aeronaves sem tripulação,III,0,6,0 atende;
7719599,Locação de outros meios de transporte não especificados anteriormente, sem condutor,III,0,6,0 atende;
7810800,Seleção e agenciamento de mão-de-obra,V,1,15.5,0 atende;
8011101,Atividades de vigilância e segurança privada,IV,0,4.5,0 atende;
8012900,Atividades de transporte de valores,IV,0,4.5,0 atende;
8020001,Atividades de monitoramento de sistemas de segurança eletrônico,IV,0,4.5,0 atende;
8020002,Outras atividades de serviços de segurança,IV,0,4.5,0 atende;
8111700,Serviços combinados para apoio a edifícios, exceto condomínios prediais,IV,0,4.5,0 atende;
8219901,Fotocópias,III,0,6,0 atende;
8292000,Envasamento e empacotamento sob contrato,III,0,6,0 atende;
8299702,Emissão de vales alimentação, vales transporte e similares,III,0,6,0 atende;
8299705,Serviços de levantamento de fundos sob contrato,III,0,6,0 atende;
8299706,Casas lotéricas,III,0,6,0 atende;
8599601,Formação de condutores,III,0,6,0 atende;
8599602,Cursos de pilotagem,III,0,6,0 atende;
8610102,Atividades de atendimento em pronto-socorro e unidades hospitalares para atendimento a urgências,III,1,6,0 atende;
8621601,UTI móvel,III,1,6,0 atende;
8621602,Serviços móveis de atendimento a urgências, exceto por UTI móvel,III,1,6,0 atende;
8622400,Serviços de remoção de pacientes, exceto os serviços móveis de atendimento a urgências,V,1,15.5,0 atende;
8690902,Atividades de bancos de leite humano,III,1,6,0 atende;
8711501,Clínicas e residências geriátricas,V,1,15.5,0 atende;
8711502,Instituições de longa permanência para idosos,III,0,6,0 atende;
8711503,Atividades de assistência a deficientes físicos, imunodeprimidos e convalescentes,V,1,15.5,0 atende;
8711504,Centros de apoio a pacientes com câncer e com AIDS,V,1,15.5,0 atende;
8711505,Condomínios residenciais para idosos,III,0,6,0 atende;
8712300,Atividades de fornecimento de infra-estrutura de apoio e assistência a paciente no domicílio,III,0,6,0 atende;
8720401,Atividades de centros de assistência psicossocial,V,1,15.5,0 atende;
8720499,Atividades de assistência psicossocial e à saúde a portadores de distúrbios psíquicos, deficiência mental e dependência química não especificadas anteriormente,V,1,15.5,0 atende;
8730101,Orfanatos,III,0,6,0 atende;
8730102,Albergues assistenciais,III,0,6,0 atende;
8730199,Atividades de assistência social prestadas em residências coletivas e particulares não especificadas anteriormente,V,1,15.5,0 atende;
8800600,Serviços de assistência social sem alojamento,V,1,15.5,0 atende;
9003500,Gestão de espaços para artes cênicas, espetáculos e outras atividades artísticas,III,0,6,0 atende;
9101500,Atividades de bibliotecas e arquivos,III,0,6,0 atende;
9102301,Atividades de museus e de exploração de lugares e prédios históricos e atrações similares,III,0,6,0 atende;
9102302,Restauração e conservação de lugares e prédios históricos,III,0,6,0 atende;
9103100,Atividades de jardins botânicos, zoológicos, parques nacionais, reservas ecológicas e áreas de proteção ambiental,III,0,6,0 atende;
9200301,Casas de bingo,III,0,6,0 atende;
9200302,Exploração de apostas em corridas de cavalos,III,0,6,0 atende;
9200399,Exploração de jogos de azar e apostas não especificados anteriormente,III,0,6,0 atende;
9312300,Clubes sociais, esportivos e similares,III,0,6,0 atende;
9321200,Parques de diversão e parques temáticos,III,0,6,0 atende;
9329801,Discotecas, danceterias, salões de dança e similares,III,0,6,0 atende;
9603301,Gestão e manutenção de cemitérios,III,0,6,0 atende;
9603302,Serviços de cremação,III,0,6,0 atende;
9603303,Serviços de sepultamento,III,0,6,0 atende;
9603304,Serviços de funerárias,III,0,6,0 atende;
9603305,Serviços de somatoconservação,III,0,6,0 atende;
9603399,Atividades funerárias e serviços relacionados não especificados anteriormente,III,0,6,0 atende;
9609204,Exploração de máquinas de serviços pessoais acionadas por moeda,III,0,6,0 atende;
9700500,Serviços domésticos,IV,0,4.5,0 atende;
9900800,Organismos internacionais e outras instituições extraterritoriais,IV,0,4.5,0 atende;
4929999,Outros transportes rodoviários de passageiros não especificados anteriormente,III,0,6,0 atende;
